1.22465e-16,0
-0.012566,1
-0.0251301,2
-0.0376902,3
-0.0502443,4
-0.0627905,5
-0.0753268,6
-0.0878512,7
-0.100362,8
-0.112856,9
-0.125333,10
-0.13779,11
-0.150226,12
-0.162637,13
-0.175023,14
-0.187381,15
-0.19971,16
-0.212007,17
-0.224271,18
-0.236499,19
-0.24869,20
-0.260842,21
-0.272952,22
-0.285019,23
-0.297042,24
-0.309017,25
-0.320944,26
-0.33282,27
-0.344643,28
-0.356412,29
-0.368125,30
-0.379779,31
-0.391374,32
-0.402906,33
-0.414376,34
-0.425779,35
-0.437116,36
-0.448383,37
-0.45958,38
-0.470704,39
-0.481754,40
-0.492727,41
-0.503623,42
-0.514439,43
-0.525174,44
-0.535827,45
-0.546394,46
-0.556875,47
-0.567269,48
-0.577572,49
-0.587785,50
-0.597905,51
-0.60793,52
-0.617859,53
-0.627691,54
-0.637424,55
-0.647056,56
-0.656586,57
-0.666012,58
-0.675333,59
-0.684547,60
-0.693653,61
-0.70265,62
-0.711536,63
-0.720309,64
-0.728969,65
-0.737513,66
-0.745941,67
-0.754251,68
-0.762443,69
-0.770513,70
-0.778462,71
-0.786289,72
-0.793991,73
-0.801567,74
-0.809017,75
-0.816339,76
-0.823533,77
-0.830596,78
-0.837528,79
-0.844328,80
-0.850995,81
-0.857527,82
-0.863924,83
-0.870184,84
-0.876307,85
-0.882291,86
-0.888137,87
-0.893842,88
-0.899406,89
-0.904827,90
-0.910106,91
-0.915241,92
-0.920232,93
-0.925077,94
-0.929777,95
-0.934329,96
-0.938734,97
-0.942991,98
-0.947099,99
-0.951057,100
-0.954865,101
-0.958522,102
-0.962028,103
-0.965382,104
-0.968583,105
-0.971632,106
-0.974527,107
-0.977268,108
-0.979855,109
-0.982287,110
-0.984564,111
-0.986686,112
-0.988652,113
-0.990461,114
-0.992115,115
-0.993611,116
-0.994951,117
-0.996134,118
-0.997159,119
-0.998027,120
-0.998737,121
-0.999289,122
-0.999684,123
-0.999921,124
-1,125
-0.999921,126
-0.999684,127
-0.99929,128
-0.998737,129
-0.998027,130
-0.997159,131
-0.996134,132
-0.994951,133
-0.993611,134
-0.992115,135
-0.990462,136
-0.988652,137
-0.986686,138
-0.984565,139
-0.982288,140
-0.979855,141
-0.977268,142
-0.974527,143
-0.971632,144
-0.968584,145
-0.965382,146
-0.962028,147
-0.958522,148
-0.954865,149
-0.951057,150
-0.947099,151
-0.942991,152
-0.938735,153
-0.93433,154
-0.929777,155
-0.925078,156
-0.920233,157
-0.915242,158
-0.910107,159
-0.904828,160
-0.899406,161
-0.893843,162
-0.888138,163
-0.882292,164
-0.876308,165
-0.870185,166
-0.863925,167
-0.857528,168
-0.850996,169
-0.844329,170
-0.83753,171
-0.830598,172
-0.823534,173
-0.816341,174
-0.809019,175
-0.801569,176
-0.793992,177
-0.78629,178
-0.778464,179
-0.770515,180
-0.762445,181
-0.754254,182
-0.745944,183
-0.737516,184
-0.728971,185
-0.720312,186
-0.711538,187
-0.702653,188
-0.693656,189
-0.68455,190
-0.675336,191
-0.666015,192
-0.656589,193
-0.647059,194
-0.637427,195
-0.627695,196
-0.617863,197
-0.607933,198
-0.597908,199
-0.587788,200
-0.577576,201
-0.567272,202
-0.556878,203
-0.546397,204
-0.53583,205
-0.525177,206
-0.514442,207
-0.503626,208
-0.49273,209
-0.481756,210
-0.470706,211
-0.459582,212
-0.448385,213
-0.437118,214
-0.425781,215
-0.414378,216
-0.402908,217
-0.391375,218
-0.379781,219
-0.368126,220
-0.356413,221
-0.344644,222
-0.332821,223
-0.320945,224
-0.309018,225
-0.297043,226
-0.28502,227
-0.272953,228
-0.260842,229
-0.248691,230
-0.2365,231
-0.224271,232
-0.212008,233
-0.19971,234
-0.187382,235
-0.175023,236
-0.162637,237
-0.150226,238
-0.13779,239
-0.125333,240
-0.112856,241
-0.100361,242
-0.0878508,243
-0.0753263,244
-0.0627899,245
-0.0502436,246
-0.0376894,247
-0.0251292,248
-0.012565,249
1.09652e-06,250
0.0125672,251
0.0251314,252
0.0376916,253
0.0502458,254
0.0627921,255
0.0753285,256
0.087853,257
0.100364,258
0.112858,259
0.125335,260
0.137792,261
0.150228,262
0.162639,263
0.175025,264
0.187384,265
0.199713,266
0.21201,267
0.224274,268
0.236502,269
0.248693,270
0.260845,271
0.272955,272
0.285022,273
0.297045,274
0.30902,275
0.320947,276
0.332823,277
0.344646,278
0.356415,279
0.368128,280
0.379783,281
0.391377,282
0.40291,283
0.41438,284
0.425783,285
0.43712,286
0.448387,287
0.459584,288
0.470708,289
0.481758,290
0.492732,291
0.503628,292
0.514444,293
0.525179,294
0.535831,295
0.546399,296
0.55688,297
0.567274,298
0.577577,299
0.58779,300
0.59791,301
0.607935,302
0.617864,303
0.627696,304
0.637429,305
0.647061,306
0.656591,307
0.666017,308
0.675338,309
0.684552,310
0.693658,311
0.702655,312
0.711541,313
0.720314,314
0.728974,315
0.737518,316
0.745946,317
0.754256,318
0.762447,319
0.770518,320
0.778467,321
0.786293,322
0.793995,323
0.801572,324
0.809022,325
0.816344,326
0.823537,327
0.830601,328
0.837533,329
0.844333,330
0.850999,331
0.857531,332
0.863928,333
0.870188,334
0.876311,335
0.882296,336
0.888141,337
0.893846,338
0.899409,339
0.904831,340
0.91011,341
0.915245,342
0.920236,343
0.925081,344
0.92978,345
0.934333,346
0.938737,347
0.942994,348
0.947102,349
0.95106,350
0.954868,351
0.958525,352
0.962031,353
0.965385,354
0.968586,355
0.971634,356
0.974529,357
0.977271,358
0.979857,359
0.982289,360
0.984566,361
0.986688,362
0.988654,363
0.990463,364
0.992116,365
0.993613,366
0.994952,367
0.996135,368
0.99716,369
0.998028,370
0.998738,371
0.99929,372
0.999685,373
0.999921,374
1,375
0.999921,376
0.999684,377
0.999289,378
0.998736,379
0.998026,380
0.997158,381
0.996132,382
0.99495,383
0.99361,384
0.992113,385
0.990459,386
0.98865,387
0.986684,388
0.984562,389
0.982285,390
0.979852,391
0.977265,392
0.974524,393
0.971628,394
0.968579,395
0.965378,396
0.962024,397
0.958517,398
0.95486,399
0.951052,400
0.947093,401
0.942985,402
0.938728,403
0.934323,404
0.929771,405
0.925071,406
0.920226,407
0.915235,408
0.910099,409
0.90482,410
0.899398,411
0.893834,412
0.888129,413
0.882283,414
0.876299,415
0.870175,416
0.863915,417
0.857518,418
0.850985,419
0.844319,420
0.837519,421
0.830586,422
0.823523,423
0.816329,424
0.809007,425
0.801556,426
0.793979,427
0.786277,428
0.778451,429
0.770502,430
0.762431,431
0.754239,432
0.745929,433
0.7375,434
0.728956,435
0.720296,436
0.711522,437
0.702636,438
0.693639,439
0.684533,440
0.675319,441
0.665997,442
0.656571,443
0.647041,444
0.637409,445
0.627676,446
0.617844,447
0.607914,448
0.597889,449
0.587769,450
0.577556,451
0.567252,452
0.556859,453
0.546377,454
0.535809,455
0.525157,456
0.514422,457
0.503605,458
0.492709,459
0.481735,460
0.470685,461
0.459561,462
0.448364,463
0.437096,464
0.42576,465
0.414356,466
0.402886,467
0.391353,468
0.379759,469
0.368104,470
0.356391,471
0.344622,472
0.332798,473
0.320922,474
0.308995,475
0.29702,476
0.284997,477
0.27293,478
0.260819,479
0.248668,480
0.236476,481
0.224248,482
0.211984,483
0.199687,484
0.187358,485
0.175,486
0.162614,487
0.150202,488
0.137767,489
0.125309,490
0.112832,491
0.100338,492
0.0878269,493
0.0753024,494
0.062766,495
0.0502197,496
0.0376655,497
0.0251053,498
0.0125411,499
-2.50146e-05,500
-0.0125911,501
-0.0251553,502
-0.0377155,503
-0.0502697,504
-0.062816,505
-0.0753523,506
-0.0878768,507
-0.100387,508
-0.112882,509
-0.125359,510
-0.137816,511
-0.150251,512
-0.162663,513
-0.175049,514
-0.187407,515
-0.199736,516
-0.212033,517
-0.224297,518
-0.236525,519
-0.248716,520
-0.260868,521
-0.272978,522
-0.285045,523
-0.297068,524
-0.309043,525
-0.32097,526
-0.332846,527
-0.344669,528
-0.356438,529
-0.36815,530
-0.379805,531
-0.3914,532
-0.402932,533
-0.414401,534
-0.425805,535
-0.437141,536
-0.448409,537
-0.459605,538
-0.470729,539
-0.481779,540
-0.492753,541
-0.503648,542
-0.514465,543
-0.525199,544
-0.535852,545
-0.546419,546
-0.5569,547
-0.567293,548
-0.577597,549
-0.587809,550
-0.597929,551
-0.607954,552
-0.617883,553
-0.627715,554
-0.637447,555
-0.647079,556
-0.656609,557
-0.666035,558
-0.675355,559
-0.68457,560
-0.693676,561
-0.702672,562
-0.711557,563
-0.720331,564
-0.72899,565
-0.737534,566
-0.745962,567
-0.754272,568
-0.762463,569
-0.770533,570
-0.778482,571
-0.786308,572
-0.79401,573
-0.801586,574
-0.809036,575
-0.816358,576
-0.823551,577
-0.830614,578
-0.837546,579
-0.844345,580
-0.851012,581
-0.857544,582
-0.86394,583
-0.8702,584
-0.876323,585
-0.882307,586
-0.888152,587
-0.893856,588
-0.89942,589
-0.904841,590
-0.91012,591
-0.915255,592
-0.920245,593
-0.92509,594
-0.929789,595
-0.934341,596
-0.938746,597
-0.943002,598
-0.947109,599
-0.951067,600
-0.954875,601
-0.958532,602
-0.962037,603
-0.965391,604
-0.968592,605
-0.97164,606
-0.974535,607
-0.977276,608
-0.979862,609
-0.982294,610
-0.984571,611
-0.986692,612
-0.988657,613
-0.990466,614
-0.992119,615
-0.993615,616
-0.994955,617
-0.996137,618
-0.997162,619
-0.998029,620
-0.998739,621
-0.999291,622
-0.999685,623
-0.999922,624
-1,625
-0.999921,626
-0.999683,627
-0.999288,628
-0.998735,629
-0.998024,630
-0.997156,631
-0.99613,632
-0.994947,633
-0.993607,634
-0.99211,635
-0.990456,636
-0.988646,637
-0.98668,638
-0.984558,639
-0.98228,640
-0.979847,641
-0.97726,642
-0.974518,643
-0.971623,644
-0.968573,645
-0.965371,646
-0.962017,647
-0.958511,648
-0.954853,649
-0.951044,650
-0.947086,651
-0.942977,652
-0.93872,653
-0.934315,654
-0.929762,655
-0.925062,656
-0.920216,657
-0.915225,658
-0.910089,659
-0.90481,660
-0.899388,661
-0.893823,662
-0.888118,663
-0.882272,664
-0.876287,665
-0.870164,666
-0.863903,667
-0.857506,668
-0.850973,669
-0.844306,670
-0.837505,671
-0.830573,672
-0.823509,673
-0.816315,674
-0.808992,675
-0.801542,676
-0.793965,677
-0.786262,678
-0.778436,679
-0.770486,680
-0.762415,681
-0.754224,682
-0.745913,683
-0.737484,684
-0.728939,685
-0.720279,686
-0.711506,687
-0.702619,688
-0.693622,689
-0.684516,690
-0.675301,691
-0.66598,692
-0.656553,693
-0.647023,694
-0.63739,695
-0.627657,696
-0.617825,697
-0.607895,698
-0.59787,699
-0.58775,700
-0.577537,701
-0.567232,702
-0.556839,703
-0.546357,704
-0.535789,705
-0.525137,706
-0.514401,707
-0.503584,708
-0.492688,709
-0.481714,710
-0.470664,711
-0.45954,712
-0.448343,713
-0.437075,714
-0.425738,715
-0.414334,716
-0.402865,717
-0.391331,718
-0.379737,719
-0.368082,720
-0.356369,721
-0.3446,722
-0.332776,723
-0.3209,724
-0.308973,725
-0.296997,726
-0.284974,727
-0.272907,728
-0.260796,729
-0.248644,730
-0.236453,731
-0.224225,732
-0.211961,733
-0.199664,734
-0.187335,735
-0.174976,736
-0.16259,737
-0.150178,738
-0.137743,739
-0.125286,740
-0.112809,741
-0.100314,742
-0.0878031,743
-0.0752786,744
-0.0627422,745
-0.0501958,746
-0.0376416,747
-0.0250814,748
-0.0125172,749
4.89326e-05,750
0.0126151,751
0.0251792,752
0.0377394,753
0.0502936,754
0.0628398,755
0.0753762,756
0.0879006,757
0.100411,758
0.112906,759
0.125383,760
0.13784,761
0.150275,762
0.162687,763
0.175073,764
0.187431,765
0.199759,766
0.212057,767
0.22432,768
0.236548,769
0.248739,770
0.260891,771
0.273001,772
0.285068,773
0.29709,774
0.309066,775
0.320992,776
0.332868,777
0.344691,778
0.35646,779
0.368173,780
0.379827,781
0.391421,782
0.402953,783
0.414421,784
0.425824,785
0.43716,786
0.448427,787
0.459623,788
0.470746,789
0.481795,790
0.492768,791
0.503663,792
0.514479,793
0.525213,794
0.535865,795
0.546432,796
0.556912,797
0.567305,798
0.577608,799
0.58782,800
0.597939,801
0.607963,802
0.617892,803
0.627723,804
0.637455,805
0.647086,806
0.656615,807
0.666041,808
0.675361,809
0.684575,810
0.69368,811
0.702676,812
0.711561,813
0.720334,814
0.728993,815
0.737537,816
0.745964,817
0.754274,818
0.762464,819
0.770534,820
0.778483,821
0.786308,822
0.794009,823
0.801585,824
0.809035,825
0.816357,826
0.823549,827
0.830612,828
0.837544,829
0.844343,830
0.851009,831
0.857541,832
0.863937,833
0.870197,834
0.876319,835
0.882303,836
0.888148,837
0.893852,838
0.899416,839
0.904837,840
0.910115,841
0.91525,842
0.92024,843
0.925085,844
0.929784,845
0.934336,846
0.938741,847
0.942997,848
0.947104,849
0.951062,850
0.95487,851
0.958527,852
0.962032,853
0.965386,854
0.968587,855
0.971635,856
0.97453,857
0.977271,858
0.979858,859
0.98229,860
0.984567,861
0.986688,862
0.988654,863
0.990463,864
0.992116,865
0.993612,866
0.994952,867
0.996134,868
0.99716,869
0.998027,870
0.998737,871
0.99929,872
0.999684,873
0.999921,874
1,875
0.999921,876
0.999684,877
0.999289,878
0.998737,879
0.998027,880
0.997159,881
0.996133,882
0.994951,883
0.993611,884
0.992115,885
0.990461,886
0.988652,887
0.986686,888
0.984565,889
0.982288,890
0.979855,891
0.977269,892
0.974528,893
0.971633,894
0.968584,895
0.965383,896
0.962029,897
0.958523,898
0.954866,899
0.951058,900
0.947101,901
0.942993,902
0.938737,903
0.934332,904
0.92978,905
0.925081,906
0.920236,907
0.915245,908
0.91011,909
0.904832,910
0.89941,911
0.893847,912
0.888142,913
0.882297,914
0.876313,915
0.870191,916
0.863931,917
0.857534,918
0.851003,919
0.844337,920
0.837537,921
0.830605,922
0.823543,923
0.81635,924
0.809028,925
0.801578,926
0.794002,927
0.786301,928
0.778475,929
0.770527,930
0.762456,931
0.754266,932
0.745956,933
0.737529,934
0.728985,935
0.720326,936
0.711553,937
0.702668,938
0.693672,939
0.684566,940
0.675352,941
0.666032,942
0.656606,943
0.647077,944
0.637446,945
0.627714,946
0.617883,947
0.607954,948
0.597929,949
0.58781,950
0.577598,951
0.567295,952
0.556902,953
0.546422,954
0.535855,955
0.525203,956
0.514469,957
0.503653,958
0.492758,959
0.481785,960
0.470736,961
0.459612,962
0.448416,963
0.43715,964
0.425814,965
0.414411,966
0.402942,967
0.39141,968
0.379816,969
0.368162,970
0.35645,971
0.344682,972
0.332859,973
0.320984,974
0.309058,975
0.297083,976
0.285061,977
0.272995,978
0.260885,979
0.248734,980
0.236544,981
0.224316,982
0.212053,983
0.199756,984
0.187428,985
0.175071,986
0.162685,987
0.150274,988
0.13784,989
0.125383,990
0.112907,991
0.100413,992
0.0879029,993
0.075379,994
0.0628433,995
0.0502976,996
0.037744,997
0.0251844,998
0.0126208,999
-5.5301e-05,1000
0.0125103,1001
0.0250738,1002
0.0376335,1003
0.0501871,1004
0.0627329,1005
0.0752687,1006
0.0877927,1007
0.100303,1008
0.112797,1009
0.125274,1010
0.13773,1011
0.150165,1012
0.162576,1013
0.174962,1014
0.18732,1015
0.199648,1016
0.211945,1017
0.224208,1018
0.236436,1019
0.248627,1020
0.260778,1021
0.272888,1022
0.284955,1023
0.296978,1024
0.308953,1025
0.320879,1026
0.332755,1027
0.344578,1028
0.356347,1029
0.368059,1030
0.379714,1031
0.391308,1032
0.402841,1033
0.41431,1034
0.425714,1035
0.43705,1036
0.448318,1037
0.459514,1038
0.470638,1039
0.481688,1040
0.492662,1041
0.503558,1042
0.514374,1043
0.525109,1044
0.535762,1045
0.546329,1046
0.556811,1047
0.567204,1048
0.577508,1049
0.587721,1050
0.597841,1051
0.607866,1052
0.617796,1053
0.627628,1054
0.637361,1055
0.646993,1056
0.656523,1057
0.665949,1058
0.675271,1059
0.684485,1060
0.693592,1061
0.702589,1062
0.711475,1063
0.720249,1064
0.728909,1065
0.737454,1066
0.745882,1067
0.754193,1068
0.762385,1069
0.770456,1070
0.778406,1071
0.786232,1072
0.793935,1073
0.801512,1074
0.808963,1075
0.816286,1076
0.82348,1077
0.830544,1078
0.837477,1079
0.844277,1080
0.850945,1081
0.857478,1082
0.863875,1083
0.870136,1084
0.87626,1085
0.882245,1086
0.888091,1087
0.893797,1088
0.899362,1089
0.904785,1090
0.910065,1091
0.915201,1092
0.920192,1093
0.925039,1094
0.929739,1095
0.934292,1096
0.938698,1097
0.942956,1098
0.947065,1099
0.951024,1100
0.954833,1101
0.958492,1102
0.961999,1103
0.965354,1104
0.968557,1105
0.971606,1106
0.974503,1107
0.977245,1108
0.979833,1109
0.982267,1110
0.984545,1111
0.986668,1112
0.988635,1113
0.990446,1114
0.992101,1115
0.993599,1116
0.99494,1117
0.996124,1118
0.99715,1119
0.99802,1120
0.998731,1121
0.999285,1122
0.999681,1123
0.99992,1124
1,1125
0.999923,1126
0.999687,1127
0.999294,1128
0.998743,1129
0.998034,1130
0.997168,1131
0.996144,1132
0.994963,1133
0.993625,1134
0.99213,1135
0.990478,1136
0.98867,1137
0.986706,1138
0.984586,1139
0.98231,1140
0.97988,1141
0.977295,1142
0.974555,1143
0.971661,1144
0.968615,1145
0.965415,1146
0.962062,1147
0.958558,1148
0.954903,1149
0.951096,1150
0.94714,1151
0.943034,1152
0.938779,1153
0.934376,1154
0.929825,1155
0.925127,1156
0.920284,1157
0.915295,1158
0.910161,1159
0.904884,1160
0.899464,1161
0.893902,1162
0.888199,1163
0.882355,1164
0.876372,1165
0.870251,1166
0.863992,1167
0.857597,1168
0.851067,1169
0.844402,1170
0.837604,1171
0.830674,1172
0.823612,1173
0.81642,1174
0.8091,1175
0.801652,1176
0.794077,1177
0.786376,1178
0.778552,1179
0.770605,1180
0.762536,1181
0.754346,1182
0.746038,1183
0.737611,1184
0.729068,1185
0.720411,1186
0.711639,1187
0.702755,1188
0.69376,1189
0.684655,1190
0.675443,1191
0.666123,1192
0.656699,1193
0.647171,1194
0.63754,1195
0.627809,1196
0.617979,1197
0.608051,1198
0.598027,1199
0.587909,1200
0.577698,1201
0.567396,1202
0.557004,1203
0.546524,1204
0.535958,1205
0.525307,1206
0.514574,1207
0.503759,1208
0.492864,1209
0.481892,1210
0.470844,1211
0.459721,1212
0.448526,1213
0.43726,1214
0.425925,1215
0.414522,1216
0.403054,1217
0.391523,1218
0.379929,1219
0.368276,1220
0.356565,1221
0.344797,1222
0.332975,1223
0.3211,1224
0.309174,1225
0.2972,1226
0.285179,1227
0.273112,1228
0.261003,1229
0.248852,1230
0.236663,1231
0.224435,1232
0.212173,1233
0.199876,1234
0.187549,1235
0.175191,1236
0.162806,1237
0.150395,1238
0.137961,1239
0.125505,1240
0.113029,1241
0.100535,1242
0.0880248,1243
0.075501,1244
0.0629654,1245
0.0504198,1246
0.0378663,1247
0.0253067,1248
0.0127432,1249
0.000177675,1250
-0.0123879,1251
-0.0249515,1252
-0.0375112,1253
-0.0500649,1254
-0.0626108,1255
-0.0751467,1256
-0.0876708,1257
-0.100181,1258
-0.112675,1259
-0.125152,1260
-0.137609,1261
-0.150044,1262
-0.162456,1263
-0.174841,1264
-0.1872,1265
-0.199528,1266
-0.211825,1267
-0.224089,1268
-0.236317,1269
-0.248508,1270
-0.26066,1271
-0.272771,1272
-0.284838,1273
-0.296861,1274
-0.308836,1275
-0.320763,1276
-0.33264,1277
-0.344463,1278
-0.356233,1279
-0.367946,1280
-0.379601,1281
-0.391196,1282
-0.402729,1283
-0.414199,1284
-0.425603,1285
-0.43694,1286
-0.448208,1287
-0.459406,1288
-0.47053,1289
-0.481581,1290
-0.492555,1291
-0.503452,1292
-0.514269,1293
-0.525005,1294
-0.535658,1295
-0.546227,1296
-0.556709,1297
-0.567103,1298
-0.577408,1299
-0.587622,1300
-0.597743,1301
-0.607769,1302
-0.617699,1303
-0.627532,1304
-0.637266,1305
-0.6469,1306
-0.656431,1307
-0.665858,1308
-0.67518,1309
-0.684396,1310
-0.693504,1311
-0.702502,1312
-0.711389,1313
-0.720164,1314
-0.728825,1315
-0.737371,1316
-0.745801,1317
-0.754113,1318
-0.762306,1319
-0.770378,1320
-0.778329,1321
-0.786157,1322
-0.793861,1323
-0.801439,1324
-0.808891,1325
-0.816215,1326
-0.82341,1327
-0.830476,1328
-0.83741,1329
-0.844212,1330
-0.85088,1331
-0.857415,1332
-0.863813,1333
-0.870076,1334
-0.876201,1335
-0.882188,1336
-0.888035,1337
-0.893742,1338
-0.899309,1339
-0.904733,1340
-0.910014,1341
-0.915151,1342
-0.920144,1343
-0.924992,1344
-0.929694,1345
-0.934249,1346
-0.938656,1347
-0.942915,1348
-0.947026,1349
-0.950986,1350
-0.954797,1351
-0.958457,1352
-0.961965,1353
-0.965322,1354
-0.968526,1355
-0.971577,1356
-0.974475,1357
-0.977219,1358
-0.979809,1359
-0.982244,1360
-0.984524,1361
-0.986648,1362
-0.988617,1363
-0.990429,1364
-0.992085,1365
-0.993585,1366
-0.994927,1367
-0.996113,1368
-0.997141,1369
-0.998012,1370
-0.998725,1371
-0.99928,1372
-0.999678,1373
-0.999918,1374
-1,1375
-0.999924,1376
-0.99969,1377
-0.999299,1378
-0.998749,1379
-0.998042,1380
-0.997177,1381
-0.996155,1382
-0.994975,1383
-0.993639,1384
-0.992145,1385
-0.990495,1386
-0.988688,1387
-0.986726,1388
-0.984607,1389
-0.982333,1390
-0.979904,1391
-0.97732,1392
-0.974582,1393
-0.97169,1394
-0.968645,1395
-0.965447,1396
-0.962096,1397
-0.958593,1398
-0.954939,1399
-0.951134,1400
-0.947179,1401
-0.943074,1402
-0.938821,1403
-0.934419,1404
-0.92987,1405
-0.925174,1406
-0.920331,1407
-0.915344,1408
-0.910212,1409
-0.904936,1410
-0.899517,1411
-0.893957,1412
-0.888255,1413
-0.882413,1414
-0.876431,1415
-0.870311,1416
-0.864054,1417
-0.85766,1418
-0.851131,1419
-0.844468,1420
-0.837671,1421
-0.830742,1422
-0.823681,1423
-0.816491,1424
-0.809172,1425
-0.801725,1426
-0.794151,1427
-0.786452,1428
-0.778629,1429
-0.770683,1430
-0.762615,1431
-0.754427,1432
-0.746119,1433
-0.737694,1434
-0.729152,1435
-0.720495,1436
-0.711725,1437
-0.702842,1438
-0.693848,1439
-0.684744,1440
-0.675533,1441
-0.666214,1442
-0.656791,1443
-0.647264,1444
-0.637634,1445
-0.627904,1446
-0.618075,1447
-0.608148,1448
-0.598125,1449
-0.588008,1450
-0.577798,1451
-0.567497,1452
-0.557106,1453
-0.546627,1454
-0.536062,1455
-0.525412,1456
-0.514679,1457
-0.503865,1458
-0.492971,1459
-0.481999,1460
-0.470952,1461
-0.45983,1462
-0.448635,1463
-0.43737,1464
-0.426035,1465
-0.414633,1466
-0.403166,1467
-0.391635,1468
-0.380043,1469
-0.36839,1470
-0.356679,1471
-0.344912,1472
-0.33309,1473
-0.321216,1474
-0.309291,1475
-0.297317,1476
-0.285296,1477
-0.27323,1478
-0.261121,1479
-0.248971,1480
-0.236781,1481
-0.224555,1482
-0.212292,1483
-0.199996,1484
-0.187669,1485
-0.175312,1486
-0.162927,1487
-0.150516,1488
-0.138082,1489
-0.125626,1490
-0.11315,1491
-0.100656,1492
-0.0881467,1493
-0.0756231,1494
-0.0630875,1495
-0.050542,1496
-0.0379885,1497
-0.0254291,1498
-0.0128656,1499
-0.000300048,1500
0.0122655,1501
0.0248292,1502
0.0373889,1503
0.0499427,1504
0.0624886,1505
0.0750247,1506
0.0875489,1507
0.100059,1508
0.112554,1509
0.125031,1510
0.137488,1511
0.149923,1512
0.162335,1513
0.174721,1514
0.187079,1515
0.199408,1516
0.211706,1517
0.22397,1518
0.236198,1519
0.24839,1520
0.260542,1521
0.272653,1522
0.284721,1523
0.296744,1524
0.30872,1525
0.320647,1526
0.332524,1527
0.344348,1528
0.356118,1529
0.367832,1530
0.379487,1531
0.391083,1532
0.402617,1533
0.414087,1534
0.425492,1535
0.43683,1536
0.448099,1537
0.459297,1538
0.470422,1539
0.481474,1540
0.492449,1541
0.503346,1542
0.514164,1543
0.524901,1544
0.535555,1545
0.546124,1546
0.556607,1547
0.567002,1548
0.577308,1549
0.587523,1550
0.597644,1551
0.607672,1552
0.617603,1553
0.627437,1554
0.637172,1555
0.646806,1556
0.656338,1557
0.665767,1558
0.67509,1559
0.684307,1560
0.693416,1561
0.702415,1562
0.711303,1563
0.72008,1564
0.728743,1565
0.737291,1566
0.745723,1567
0.754036,1568
0.762231,1569
0.770305,1570
0.778258,1571
0.786088,1572
0.793793,1573
0.801374,1574
0.808827,1575
0.816153,1576
0.82335,1577
0.830417,1578
0.837353,1579
0.844157,1580
0.850827,1581
0.857363,1582
0.863764,1583
0.870028,1584
0.876154,1585
0.882143,1586
0.887992,1587
0.893701,1588
0.899268,1589
0.904694,1590
0.909977,1591
0.915116,1592
0.92011,1593
0.92496,1594
0.929663,1595
0.934219,1596
0.938628,1597
0.942888,1598
0.947,1599
0.950962,1600
0.954774,1601
0.958435,1602
0.961945,1603
0.965303,1604
0.968508,1605
0.97156,1606
0.974459,1607
0.977204,1608
0.979795,1609
0.982231,1610
0.984512,1611
0.986638,1612
0.988607,1613
0.990421,1614
0.992078,1615
0.993578,1616
0.994921,1617
0.996108,1618
0.997137,1619
0.998008,1620
0.998722,1621
0.999278,1622
0.999677,1623
0.999917,1624
1,1625
0.999925,1626
0.999691,1627
0.9993,1628
0.998751,1629
0.998045,1630
0.99718,1631
0.996159,1632
0.994979,1633
0.993643,1634
0.99215,1635
0.9905,1636
0.988694,1637
0.986731,1638
0.984613,1639
0.982339,1640
0.97991,1641
0.977327,1642
0.974589,1643
0.971697,1644
0.968652,1645
0.965453,1646
0.962102,1647
0.9586,1648
0.954945,1649
0.95114,1650
0.947185,1651
0.94308,1652
0.938827,1653
0.934425,1654
0.929875,1655
0.925179,1656
0.920336,1657
0.915348,1658
0.910216,1659
0.90494,1660
0.899521,1661
0.89396,1662
0.888257,1663
0.882415,1664
0.876433,1665
0.870312,1666
0.864054,1667
0.85766,1668
0.85113,1669
0.844466,1670
0.837669,1671
0.830739,1672
0.823678,1673
0.816487,1674
0.809167,1675
0.801719,1676
0.794144,1677
0.786444,1678
0.77862,1679
0.770673,1680
0.762605,1681
0.754415,1682
0.746107,1683
0.737681,1684
0.729138,1685
0.72048,1686
0.711709,1687
0.702825,1688
0.69383,1689
0.684725,1690
0.675513,1691
0.666193,1692
0.656769,1693
0.64724,1694
0.63761,1695
0.627878,1696
0.618048,1697
0.60812,1698
0.598096,1699
0.587977,1700
0.577766,1701
0.567463,1702
0.557071,1703
0.546591,1704
0.536025,1705
0.525373,1706
0.514639,1707
0.503824,1708
0.492929,1709
0.481956,1710
0.470907,1711
0.459784,1712
0.448588,1713
0.437321,1714
0.425985,1715
0.414582,1716
0.403113,1717
0.391581,1718
0.379987,1719
0.368333,1720
0.356621,1721
0.344852,1722
0.333029,1723
0.321153,1724
0.309227,1725
0.297252,1726
0.285229,1727
0.273162,1728
0.261052,1729
0.2489,1730
0.236709,1731
0.224481,1732
0.212217,1733
0.19992,1734
0.187591,1735
0.175233,1736
0.162847,1737
0.150435,1738
0.137999,1739
0.125542,1740
0.113065,1741
0.10057,1742
0.0880587,1743
0.0755339,1744
0.0629971,1745
0.0504503,1746
0.0378956,1747
0.025335,1748
0.0127703,1749
0.00020357,1750
-0.0123632,1751
-0.024928,1752
-0.0374888,1753
-0.0500437,1754
-0.0625907,1755
-0.0751279,1756
-0.0876532,1757
-0.100165,1758
-0.11266,1759
-0.125138,1760
-0.137596,1761
-0.150032,1762
-0.162445,1763
-0.174832,1764
-0.187191,1765
-0.199521,1766
-0.211819,1767
-0.224084,1768
-0.236314,1769
-0.248506,1770
-0.260659,1771
-0.272771,1772
-0.284839,1773
-0.296863,1774
-0.30884,1775
-0.320768,1776
-0.332645,1777
-0.34447,1778
-0.35624,1779
-0.367954,1780
-0.37961,1781
-0.391206,1782
-0.402741,1783
-0.414211,1784
-0.425617,1785
-0.436955,1786
-0.448224,1787
-0.459422,1788
-0.470548,1789
-0.481599,1790
-0.492574,1791
-0.503472,1792
-0.51429,1793
-0.525027,1794
-0.535681,1795
-0.54625,1796
-0.556733,1797
-0.567128,1798
-0.577434,1799
-0.587648,1800
-0.59777,1801
-0.607797,1802
-0.617728,1803
-0.627562,1804
-0.637296,1805
-0.64693,1806
-0.656461,1807
-0.665889,1808
-0.675212,1809
-0.684428,1810
-0.693537,1811
-0.702535,1812
-0.711423,1813
-0.720198,1814
-0.72886,1815
-0.737406,1816
-0.745836,1817
-0.754148,1818
-0.762341,1819
-0.770414,1820
-0.778365,1821
-0.786193,1822
-0.793897,1823
-0.801475,1824
-0.808927,1825
-0.816252,1826
-0.823447,1827
-0.830512,1828
-0.837446,1829
-0.844248,1830
-0.850917,1831
-0.857451,1832
-0.863849,1833
-0.870112,1834
-0.876236,1835
-0.882223,1836
-0.88807,1837
-0.893777,1838
-0.899343,1839
-0.904766,1840
-0.910047,1841
-0.915184,1842
-0.920177,1843
-0.925024,1844
-0.929725,1845
-0.93428,1846
-0.938686,1847
-0.942945,1848
-0.947055,1849
-0.951015,1850
-0.954824,1851
-0.958484,1852
-0.961991,1853
-0.965347,1854
-0.96855,1855
-0.971601,1856
-0.974498,1857
-0.977241,1858
-0.979829,1859
-0.982263,1860
-0.984542,1861
-0.986665,1862
-0.988633,1863
-0.990444,1864
-0.992099,1865
-0.993597,1866
-0.994939,1867
-0.996123,1868
-0.99715,1869
-0.998019,1870
-0.998731,1871
-0.999285,1872
-0.999681,1873
-0.99992,1874
-1,1875
-0.999923,1876
-0.999687,1877
-0.999294,1878
-0.998743,1879
-0.998034,1880
-0.997168,1881
-0.996144,1882
-0.994962,1883
-0.993624,1884
-0.992129,1885
-0.990477,1886
-0.988668,1887
-0.986704,1888
-0.984583,1889
-0.982308,1890
-0.979877,1891
-0.977291,1892
-0.974551,1893
-0.971657,1894
-0.968609,1895
-0.965409,1896
-0.962056,1897
-0.958551,1898
-0.954895,1899
-0.951088,1900
-0.947131,1901
-0.943024,1902
-0.938768,1903
-0.934364,1904
-0.929813,1905
-0.925114,1906
-0.92027,1907
-0.91528,1908
-0.910145,1909
-0.904867,1910
-0.899446,1911
-0.893883,1912
-0.888179,1913
-0.882334,1914
-0.876351,1915
-0.870228,1916
-0.863969,1917
-0.857573,1918
-0.851041,1919
-0.844375,1920
-0.837576,1921
-0.830644,1922
-0.823581,1923
-0.816388,1924
-0.809067,1925
-0.801617,1926
-0.794041,1927
-0.786339,1928
-0.778514,1929
-0.770565,1930
-0.762494,1931
-0.754304,1932
-0.745994,1933
-0.737566,1934
-0.729022,1935
-0.720362,1936
-0.711589,1937
-0.702704,1938
-0.693707,1939
-0.684601,1940
-0.675387,1941
-0.666066,1942
-0.65664,1943
-0.64711,1944
-0.637479,1945
-0.627746,1946
-0.617914,1947
-0.607985,1948
-0.59796,1949
-0.58784,1950
-0.577627,1951
-0.567323,1952
-0.55693,1953
-0.546449,1954
-0.535881,1955
-0.525229,1956
-0.514493,1957
-0.503677,1958
-0.492781,1959
-0.481807,1960
-0.470757,1961
-0.459632,1962
-0.448436,1963
-0.437168,1964
-0.425831,1965
-0.414427,1966
-0.402958,1967
-0.391424,1968
-0.379829,1969
-0.368175,1970
-0.356461,1971
-0.344692,1972
-0.332868,1973
-0.320992,1974
-0.309065,1975
-0.297089,1976
-0.285066,1977
-0.272998,1978
-0.260888,1979
-0.248735,1980
-0.236544,1981
-0.224315,1982
-0.212051,1983
-0.199753,1984
-0.187424,1985
-0.175065,1986
-0.162679,1987
-0.150267,1988
-0.137831,1989
-0.125373,1990
-0.112896,1991
-0.1004,1992
-0.0878892,1993
-0.0753641,1994
-0.0628272,1995
-0.0502804,1996
-0.0377256,1997
-0.0251648,1998
-0.0126001,1999
-3.33598e-05,2000
0.0125334,2001
0.0250981,2002
0.0376589,2003
0.0502137,2004
0.0627606,2005
0.0752976,2006
0.0878227,2007
0.100334,2008
0.112829,2009
0.125307,2010
0.137765,2011
0.150201,2012
0.162613,2013
0.175,2014
0.187359,2015
0.199688,2016
0.211986,2017
0.22425,2018
0.236479,2019
0.248671,2020
0.260823,2021
0.272934,2022
0.285002,2023
0.297025,2024
0.309001,2025
0.320929,2026
0.332805,2027
0.34463,2028
0.356399,2029
0.368113,2030
0.379768,2031
0.391363,2032
0.402896,2033
0.414366,2034
0.425771,2035
0.437108,2036
0.448376,2037
0.459573,2038
0.470698,2039
0.481748,2040
0.492723,2041
0.503619,2042
0.514436,2043
0.525172,2044
0.535824,2045
0.546393,2046
0.556874,2047
0.567268,2048
0.577573,2049
0.587786,2050
0.597906,2051
0.607932,2052
0.617862,2053
0.627694,2054
0.637427,2055
0.64706,2056
0.65659,2057
0.666016,2058
0.675338,2059
0.684553,2060
0.693659,2061
0.702656,2062
0.711542,2063
0.720316,2064
0.728976,2065
0.737521,2066
0.745949,2067
0.75426,2068
0.762451,2069
0.770522,2070
0.778472,2071
0.786298,2072
0.794,2073
0.801577,2074
0.809027,2075
0.81635,2076
0.823543,2077
0.830607,2078
0.837539,2079
0.844339,2080
0.851006,2081
0.857538,2082
0.863935,2083
0.870195,2084
0.876318,2085
0.882303,2086
0.888148,2087
0.893853,2088
0.899417,2089
0.904839,2090
0.910118,2091
0.915253,2092
0.920244,2093
0.925089,2094
0.929788,2095
0.93434,2096
0.938745,2097
0.943002,2098
0.947109,2099
0.951067,2100
0.954875,2101
0.958532,2102
0.962038,2103
0.965391,2104
0.968593,2105
0.971641,2106
0.974536,2107
0.977277,2108
0.979863,2109
0.982295,2110
0.984572,2111
0.986693,2112
0.988658,2113
0.990468,2114
0.99212,2115
0.993616,2116
0.994956,2117
0.996138,2118
0.997162,2119
0.99803,2120
0.998739,2121
0.999291,2122
0.999685,2123
0.999922,2124
1,2125
0.99992,2126
0.999683,2127
0.999287,2128
0.998734,2129
0.998023,2130
0.997155,2131
0.996129,2132
0.994945,2133
0.993605,2134
0.992107,2135
0.990453,2136
0.988643,2137
0.986676,2138
0.984554,2139
0.982276,2140
0.979843,2141
0.977255,2142
0.974513,2143
0.971616,2144
0.968567,2145
0.965364,2146
0.962009,2147
0.958503,2148
0.954844,2149
0.951035,2150
0.947076,2151
0.942967,2152
0.938709,2153
0.934303,2154
0.92975,2155
0.92505,2156
0.920203,2157
0.915211,2158
0.910075,2159
0.904795,2160
0.899372,2161
0.893807,2162
0.888101,2163
0.882254,2164
0.876269,2165
0.870145,2166
0.863883,2167
0.857485,2168
0.850952,2169
0.844284,2170
0.837483,2171
0.830549,2172
0.823485,2173
0.81629,2174
0.808967,2175
0.801515,2176
0.793937,2177
0.786234,2178
0.778407,2179
0.770456,2180
0.762384,2181
0.754192,2182
0.74588,2183
0.737451,2184
0.728905,2185
0.720244,2186
0.71147,2187
0.702583,2188
0.693585,2189
0.684477,2190
0.675262,2191
0.665939,2192
0.656512,2193
0.646981,2194
0.637347,2195
0.627613,2196
0.61778,2197
0.60785,2198
0.597823,2199
0.587702,2200
0.577488,2201
0.567183,2202
0.556789,2203
0.546306,2204
0.535737,2205
0.525084,2206
0.514347,2207
0.50353,2208
0.492633,2209
0.481658,2210
0.470607,2211
0.459481,2212
0.448283,2213
0.437015,2214
0.425677,2215
0.414272,2216
0.402802,2217
0.391268,2218
0.379672,2219
0.368016,2220
0.356302,2221
0.344532,2222
0.332708,2223
0.320831,2224
0.308903,2225
0.296927,2226
0.284903,2227
0.272835,2228
0.260723,2229
0.248571,2230
0.236379,2231
0.224149,2232
0.211885,2233
0.199587,2234
0.187257,2235
0.174898,2236
0.162511,2237
0.150098,2238
0.137662,2239
0.125204,2240
0.112726,2241
0.100231,2242
0.0877196,2243
0.0751944,2244
0.0626573,2245
0.0501104,2246
0.0375555,2247
0.0249946,2248
0.0124299,2249
-0.00013685,2250
-0.0127036,2251
-0.0252683,2252
-0.037829,2253
-0.0503837,2254
-0.0629305,2255
-0.0754673,2256
-0.0879923,2257
-0.100503,2258
-0.112998,2259
-0.125476,2260
-0.137933,2261
-0.150369,2262
-0.162781,2263
-0.175167,2264
-0.187526,2265
-0.199855,2266
-0.212152,2267
-0.224416,2268
-0.236645,2269
-0.248836,2270
-0.260987,2271
-0.273098,2272
-0.285165,2273
-0.297188,2274
-0.309163,2275
-0.32109,2276
-0.332966,2277
-0.344789,2278
-0.356558,2279
-0.368271,2280
-0.379925,2281
-0.39152,2282
-0.403052,2283
-0.414521,2284
-0.425925,2285
-0.437261,2286
-0.448528,2287
-0.459724,2288
-0.470848,2289
-0.481897,2290
-0.492871,2291
-0.503766,2292
-0.514582,2293
-0.525317,2294
-0.535968,2295
-0.546535,2296
-0.557016,2297
-0.567409,2298
-0.577712,2299
-0.587923,2300
-0.598043,2301
-0.608067,2302
-0.617996,2303
-0.627827,2304
-0.637558,2305
-0.647189,2306
-0.656718,2307
-0.666143,2308
-0.675463,2309
-0.684677,2310
-0.693782,2311
-0.702777,2312
-0.711662,2313
-0.720434,2314
-0.729093,2315
-0.737636,2316
-0.746063,2317
-0.754372,2318
-0.762561,2319
-0.770631,2320
-0.778579,2321
-0.786403,2322
-0.794104,2323
-0.801679,2324
-0.809127,2325
-0.816448,2326
-0.82364,2327
-0.830702,2328
-0.837632,2329
-0.84443,2330
-0.851095,2331
-0.857626,2332
-0.864021,2333
-0.870279,2334
-0.8764,2335
-0.882383,2336
-0.888227,2337
-0.89393,2338
-0.899492,2339
-0.904911,2340
-0.910188,2341
-0.915322,2342
-0.92031,2343
-0.925153,2344
-0.929851,2345
-0.934401,2346
-0.938804,2347
-0.943058,2348
-0.947164,2349
-0.95112,2350
-0.954926,2351
-0.958581,2352
-0.962084,2353
-0.965436,2354
-0.968635,2355
-0.971681,2356
-0.974574,2357
-0.977313,2358
-0.979897,2359
-0.982327,2360
-0.984601,2361
-0.986721,2362
-0.988684,2363
-0.990491,2364
-0.992142,2365
-0.993636,2366
-0.994973,2367
-0.996153,2368
-0.997175,2369
-0.99804,2370
-0.998748,2371
-0.999298,2372
-0.99969,2373
-0.999924,2374
-1,2375
-0.999918,2376
-0.999679,2377
-0.999281,2378
-0.998726,2379
-0.998013,2380
-0.997142,2381
-0.996114,2382
-0.994928,2383
-0.993586,2384
-0.992086,2385
-0.99043,2386
-0.988617,2387
-0.986648,2388
-0.984524,2389
-0.982244,2390
-0.979809,2391
-0.977219,2392
-0.974474,2393
-0.971576,2394
-0.968525,2395
-0.96532,2396
-0.961963,2397
-0.958454,2398
-0.954794,2399
-0.950983,2400
-0.947021,2401
-0.942911,2402
-0.938651,2403
-0.934243,2404
-0.929687,2405
-0.924985,2406
-0.920136,2407
-0.915143,2408
-0.910004,2409
-0.904722,2410
-0.899297,2411
-0.893731,2412
-0.888023,2413
-0.882174,2414
-0.876187,2415
-0.870061,2416
-0.863797,2417
-0.857397,2418
-0.850862,2419
-0.844193,2420
-0.83739,2421
-0.830454,2422
-0.823388,2423
-0.816192,2424
-0.808866,2425
-0.801413,2426
-0.793834,2427
-0.786129,2428
-0.7783,2429
-0.770348,2430
-0.762274,2431
-0.75408,2432
-0.745767,2433
-0.737336,2434
-0.728789,2435
-0.720126,2436
-0.71135,2437
-0.702461,2438
-0.693462,2439
-0.684353,2440
-0.675136,2441
-0.665812,2442
-0.656383,2443
-0.646851,2444
-0.637216,2445
-0.627481,2446
-0.617647,2447
-0.607715,2448
-0.597687,2449
-0.587564,2450
-0.577349,2451
-0.567043,2452
-0.556647,2453
-0.546163,2454
-0.535593,2455
-0.524939,2456
-0.514201,2457
-0.503383,2458
-0.492484,2459
-0.481508,2460
-0.470456,2461
-0.45933,2462
-0.448131,2463
-0.436862,2464
-0.425523,2465
-0.414117,2466
-0.402646,2467
-0.391111,2468
-0.379515,2469
-0.367858,2470
-0.356143,2471
-0.344373,2472
-0.332547,2473
-0.32067,2474
-0.308741,2475
-0.296764,2476
-0.28474,2477
-0.272671,2478
-0.260559,2479
-0.248406,2480
-0.236213,2481
-0.223983,2482
-0.211718,2483
-0.19942,2484
-0.18709,2485
-0.17473,2486
-0.162343,2487
-0.14993,2488
-0.137494,2489
-0.125035,2490
-0.112557,2491
-0.100062,2492
-0.0875501,2493
-0.0750247,2494
-0.0624875,2495
-0.0499404,2496
-0.0373854,2497
-0.0248245,2498
-0.0122597,2499
0.00030706,2500
0.0128738,2501
0.0254384,2502
0.0379991,2503
0.0505537,2504
0.0631004,2505
0.0756371,2506
0.0881618,2507
0.100673,2508
0.113168,2509
0.125645,2510
0.138102,2511
0.150537,2512
0.162949,2513
0.175335,2514
0.187693,2515
0.200022,2516
0.212318,2517
0.224582,2518
0.23681,2519
0.249,2520
0.261152,2521
0.273262,2522
0.285329,2523
0.29735,2524
0.309325,2525
0.321251,2526
0.333126,2527
0.344949,2528
0.356717,2529
0.368429,2530
0.380083,2531
0.391676,2532
0.403208,2533
0.414676,2534
0.426079,2535
0.437414,2536
0.44868,2537
0.459876,2538
0.470998,2539
0.482047,2540
0.493019,2541
0.503913,2542
0.514728,2543
0.525461,2544
0.536112,2545
0.546678,2546
0.557157,2547
0.567549,2548
0.577851,2549
0.588061,2550
0.598179,2551
0.608202,2552
0.618129,2553
0.627959,2554
0.637689,2555
0.647319,2556
0.656847,2557
0.66627,2558
0.675589,2559
0.684801,2560
0.693904,2561
0.702898,2562
0.711782,2563
0.720552,2564
0.729209,2565
0.737751,2566
0.746176,2567
0.754483,2568
0.762672,2569
0.770739,2570
0.778685,2571
0.786508,2572
0.794207,2573
0.801781,2574
0.809227,2575
0.816546,2576
0.823736,2577
0.830796,2578
0.837725,2579
0.844522,2580
0.851185,2581
0.857713,2582
0.864106,2583
0.870363,2584
0.876482,2585
0.882463,2586
0.888305,2587
0.894006,2588
0.899566,2589
0.904984,2590
0.910259,2591
0.91539,2592
0.920377,2593
0.925218,2594
0.929913,2595
0.934462,2596
0.938862,2597
0.943115,2598
0.947218,2599
0.951172,2600
0.954976,2601
0.958629,2602
0.962131,2603
0.96548,2604
0.968677,2605
0.971721,2606
0.974612,2607
0.977349,2608
0.979931,2609
0.982359,2610
0.984631,2611
0.986748,2612
0.988709,2613
0.990514,2614
0.992163,2615
0.993655,2616
0.99499,2617
0.996168,2618
0.997188,2619
0.998051,2620
0.998756,2621
0.999304,2622
0.999694,2623
0.999926,2624
1,2625
0.999916,2626
0.999674,2627
0.999275,2628
0.998717,2629
0.998002,2630
0.997129,2631
0.996099,2632
0.994911,2633
0.993566,2634
0.992065,2635
0.990406,2636
0.988592,2637
0.986621,2638
0.984494,2639
0.982212,2640
0.979774,2641
0.977182,2642
0.974436,2643
0.971536,2644
0.968482,2645
0.965276,2646
0.961916,2647
0.958405,2648
0.954743,2649
0.95093,2650
0.946967,2651
0.942854,2652
0.938592,2653
0.934182,2654
0.929625,2655
0.92492,2656
0.92007,2657
0.915074,2658
0.909934,2659
0.90465,2660
0.899223,2661
0.893654,2662
0.887944,2663
0.882094,2664
0.876105,2665
0.869977,2666
0.863711,2667
0.85731,2668
0.850773,2669
0.844101,2670
0.837297,2671
0.83036,2672
0.823292,2673
0.816093,2674
0.808766,2675
0.801312,2676
0.79373,2677
0.786024,2678
0.778193,2679
0.770239,2680
0.762164,2681
0.753968,2682
0.745654,2683
0.737221,2684
0.728672,2685
0.720008,2686
0.71123,2687
0.70234,2688
0.693339,2689
0.684229,2690
0.67501,2691
0.665685,2692
0.656255,2693
0.646721,2694
0.637085,2695
0.627348,2696
0.617513,2697
0.607579,2698
0.59755,2699
0.587427,2700
0.57721,2701
0.566903,2702
0.556506,2703
0.546021,2704
0.53545,2705
0.524794,2706
0.514055,2707
0.503236,2708
0.492336,2709
0.481359,2710
0.470306,2711
0.459179,2712
0.447979,2713
0.436709,2714
0.425369,2715
0.413962,2716
0.40249,2717
0.390954,2718
0.379357,2719
0.3677,2720
0.355984,2721
0.344213,2722
0.332387,2723
0.320508,2724
0.308579,2725
0.296601,2726
0.284577,2727
0.272507,2728
0.260395,2729
0.248241,2730
0.236048,2731
0.223818,2732
0.211552,2733
0.199253,2734
0.186923,2735
0.174563,2736
0.162175,2737
0.149762,2738
0.137325,2739
0.124866,2740
0.112388,2741
0.0998923,2742
0.0873805,2743
0.074855,2744
0.0623176,2745
0.0497704,2746
0.0372153,2747
0.0246543,2748
0.0120895,2749
-0.00047727,2750
-0.013044,2751
-0.0256086,2752
-0.0381691,2753
-0.0507237,2754
-0.0632702,2755
-0.0758068,2756
-0.0883314,2757
-0.100842,2758
-0.113337,2759
-0.125813,2760
-0.13827,2761
-0.150706,2762
-0.163117,2763
-0.175502,2764
-0.18786,2765
-0.200188,2766
-0.212485,2767
-0.224748,2768
-0.236975,2769
-0.249165,2770
-0.261316,2771
-0.273425,2772
-0.285492,2773
-0.297513,2774
-0.309487,2775
-0.321412,2776
-0.333287,2777
-0.345109,2778
-0.356876,2779
-0.368587,2780
-0.38024,2781
-0.391833,2782
-0.403364,2783
-0.414831,2784
-0.426233,2785
-0.437567,2786
-0.448832,2787
-0.460027,2788
-0.471148,2789
-0.482196,2790
-0.493167,2791
-0.50406,2792
-0.514874,2793
-0.525606,2794
-0.536256,2795
-0.54682,2796
-0.557299,2797
-0.567689,2798
-0.577989,2799
-0.588199,2800
-0.598315,2801
-0.608337,2802
-0.618263,2803
-0.628091,2804
-0.637821,2805
-0.647449,2806
-0.656975,2807
-0.666397,2808
-0.675714,2809
-0.684925,2810
-0.694027,2811
-0.70302,2812
-0.711901,2813
-0.72067,2814
-0.729326,2815
-0.737866,2816
-0.746289,2817
-0.754595,2818
-0.762782,2819
-0.770848,2820
-0.778792,2821
-0.786613,2822
-0.794311,2823
-0.801882,2824
-0.809327,2825
-0.816645,2826
-0.823833,2827
-0.830891,2828
-0.837818,2829
-0.844613,2830
-0.851274,2831
-0.857801,2832
-0.864192,2833
-0.870447,2834
-0.876564,2835
-0.882543,2836
-0.888383,2837
-0.894082,2838
-0.89964,2839
-0.905056,2840
-0.910329,2841
-0.915459,2842
-0.920443,2843
-0.925283,2844
-0.929976,2845
-0.934522,2846
-0.938921,2847
-0.943171,2848
-0.947273,2849
-0.951225,2850
-0.955027,2851
-0.958677,2852
-0.962177,2853
-0.965524,2854
-0.968719,2855
-0.971762,2856
-0.97465,2857
-0.977385,2858
-0.979965,2859
-0.982391,2860
-0.984661,2861
-0.986776,2862
-0.988735,2863
-0.990538,2864
-0.992184,2865
-0.993674,2866
-0.995007,2867
-0.996182,2868
-0.997201,2869
-0.998062,2870
-0.998765,2871
-0.99931,2872
-0.999698,2873
-0.999928,2874
-1,2875
-0.999914,2876
-0.99967,2877
-0.999268,2878
-0.998708,2879
-0.997991,2880
-0.997116,2881
-0.996084,2882
-0.994894,2883
-0.993547,2884
-0.992043,2885
-0.990383,2886
-0.988566,2887
-0.986593,2888
-0.984464,2889
-0.98218,2890
-0.97974,2891
-0.977146,2892
-0.974398,2893
-0.971496,2894
-0.96844,2895
-0.965231,2896
-0.96187,2897
-0.958357,2898
-0.954692,2899
-0.950877,2900
-0.946912,2901
-0.942797,2902
-0.938533,2903
-0.934121,2904
-0.929562,2905
-0.924855,2906
-0.920003,2907
-0.915005,2908
-0.909863,2909
-0.904577,2910
-0.899149,2911
-0.893578,2912
-0.887866,2913
-0.882014,2914
-0.876022,2915
-0.869893,2916
-0.863626,2917
-0.857222,2918
-0.850683,2919
-0.84401,2920
-0.837204,2921
-0.830265,2922
-0.823195,2923
-0.815995,2924
-0.808666,2925
-0.80121,2926
-0.793627,2927
-0.785919,2928
-0.778086,2929
-0.770131,2930
-0.762054,2931
-0.753857,2932
-0.74554,2933
-0.737106,2934
-0.728556,2935
-0.71989,2936
-0.711111,2937
-0.702219,2938
-0.693217,2939
-0.684105,2940
-0.674885,2941
-0.665558,2942
-0.656127,2943
-0.646591,2944
-0.636954,2945
-0.627216,2946
-0.617379,2947
-0.607444,2948
-0.597414,2949
-0.587289,2950
-0.577071,2951
-0.566763,2952
-0.556364,2953
-0.545878,2954
-0.535306,2955
-0.524649,2956
-0.513909,2957
-0.503088,2958
-0.492188,2959
-0.48121,2960
-0.470156,2961
-0.459028,2962
-0.447827,2963
-0.436555,2964
-0.425215,2965
-0.413807,2966
-0.402334,2967
-0.390798,2968
-0.3792,2969
-0.367541,2970
-0.355825,2971
-0.344053,2972
-0.332226,2973
-0.320347,2974
-0.308417,2975
-0.296439,2976
-0.284414,2977
-0.272343,2978
-0.26023,2979
-0.248076,2980
-0.235882,2981
-0.223652,2982
-0.211386,2983
-0.199086,2984
-0.186755,2985
-0.174395,2986
-0.162007,2987
-0.149594,2988
-0.137156,2989
-0.124698,2990
-0.112219,2991
-0.0997229,2992
-0.0872109,2993
-0.0746852,2994
-0.0621477,2995
-0.0496004,2996
-0.0370452,2997
-0.0244842,2998
-0.0119193,2999
-0.00064748,3000
-0.0132141,3001
-0.0257787,3002
-0.0383392,3003
-0.0508937,3004
-0.0634401,3005
-0.0759765,3006
-0.0885009,3007
-0.101011,3008
-0.113506,3009
-0.125982,3010
-0.138439,3011
-0.150874,3012
-0.163285,3013
-0.17567,3014
-0.188027,3015
-0.200355,3016
-0.212651,3017
-0.224914,3018
-0.237141,3019
-0.24933,3020
-0.26148,3021
-0.273589,3022
-0.285655,3023
-0.297675,3024
-0.309649,3025
-0.321574,3026
-0.333447,3027
-0.345269,3028
-0.357035,3029
-0.368745,3030
-0.380398,3031
-0.391989,3032
-0.40352,3033
-0.414986,3034
-0.426387,3035
-0.43772,3036
-0.448984,3037
-0.460178,3038
-0.471299,3039
-0.482345,3040
-0.493315,3041
-0.504207,3042
-0.51502,3043
-0.525751,3044
-0.536399,3045
-0.546963,3046
-0.55744,3047
-0.567829,3048
-0.578128,3049
-0.588336,3050
-0.598452,3051
-0.608472,3052
-0.618397,3053
-0.628224,3054
-0.637952,3055
-0.647579,3056
-0.657103,3057
-0.666524,3058
-0.67584,3059
-0.685049,3060
-0.694149,3061
-0.703141,3062
-0.712021,3063
-0.720788,3064
-0.729442,3065
-0.737981,3066
-0.746403,3067
-0.754707,3068
-0.762892,3069
-0.770956,3070
-0.778899,3071
-0.786719,3072
-0.794414,3073
-0.801984,3074
-0.809427,3075
-0.816743,3076
-0.823929,3077
-0.830986,3078
-0.837911,3079
-0.844704,3080
-0.851363,3081
-0.857888,3082
-0.864278,3083
-0.870531,3084
-0.876646,3085
-0.882623,3086
-0.888461,3087
-0.894158,3088
-0.899715,3089
-0.905129,3090
-0.9104,3091
-0.915527,3092
-0.92051,3093
-0.925347,3094
-0.930038,3095
-0.934583,3096
-0.93898,3097
-0.943228,3098
-0.947327,3099
-0.951277,3100
-0.955077,3101
-0.958726,3102
-0.962223,3103
-0.965569,3104
-0.968762,3105
-0.971802,3106
-0.974688,3107
-0.977421,3108
-0.979999,3109
-0.982422,3110
-0.984691,3111
-0.986803,3112
-0.98876,3113
-0.990561,3114
-0.992205,3115
-0.993693,3116
-0.995024,3117
-0.996197,3118
-0.997214,3119
-0.998072,3120
-0.998773,3121
-0.999317,3122
-0.999702,3123
-0.99993,3124
-1,3125
-0.999912,3126
-0.999666,3127
-0.999262,3128
-0.9987,3129
-0.997981,3130
-0.997104,3131
-0.99607,3132
-0.994879,3133
-0.99353,3134
-0.992025,3135
-0.990363,3136
-0.988545,3137
-0.98657,3138
-0.98444,3139
-0.982155,3140
-0.979714,3141
-0.977119,3142
-0.97437,3143
-0.971466,3144
-0.96841,3145
-0.9652,3146
-0.961838,3147
-0.958324,3148
-0.954659,3149
-0.950843,3150
-0.946878,3151
-0.942762,3152
-0.938498,3153
-0.934086,3154
-0.929526,3155
-0.924819,3156
-0.919967,3157
-0.914969,3158
-0.909827,3159
-0.904541,3160
-0.899112,3161
-0.893541,3162
-0.88783,3163
-0.881978,3164
-0.875987,3165
-0.869857,3166
-0.863591,3167
-0.857188,3168
-0.850649,3169
-0.843976,3170
-0.837171,3171
-0.830233,3172
-0.823163,3173
-0.815964,3174
-0.808636,3175
-0.801181,3176
-0.793599,3177
-0.785891,3178
-0.77806,3179
-0.770106,3180
-0.76203,3181
-0.753834,3182
-0.745519,3183
-0.737086,3184
-0.728537,3185
-0.719873,3186
-0.711095,3187
-0.702205,3188
-0.693204,3189
-0.684093,3190
-0.674875,3191
-0.66555,3192
-0.65612,3193
-0.646586,3194
-0.636951,3195
-0.627215,3196
-0.617379,3197
-0.607447,3198
-0.597418,3199
-0.587295,3200
-0.577079,3201
-0.566773,3202
-0.556377,3203
-0.545892,3204
-0.535322,3205
-0.524668,3206
-0.51393,3207
-0.503111,3208
-0.492213,3209
-0.481237,3210
-0.470186,3211
-0.459059,3212
-0.447861,3213
-0.436592,3214
-0.425254,3215
-0.413848,3216
-0.402378,3217
-0.390844,3218
-0.379248,3219
-0.367592,3220
-0.355878,3221
-0.344109,3222
-0.332284,3223
-0.320408,3224
-0.30848,3225
-0.296504,3226
-0.284482,3227
-0.272414,3228
-0.260303,3229
-0.248151,3230
-0.23596,3231
-0.223732,3232
-0.211469,3233
-0.199172,3234
-0.186843,3235
-0.174485,3236
-0.1621,3237
-0.149689,3238
-0.137254,3239
-0.124798,3240
-0.112322,3241
-0.0998284,3242
-0.0873189,3243
-0.0747956,3244
-0.0622605,3245
-0.0497156,3246
-0.0371628,3247
-0.0246042,3248
-0.0120417,3249
0.000522765,3250
0.0130871,3251
0.0256494,3252
0.0382076,3253
0.0507598,3254
0.063304,3255
0.0758381,3256
0.0883604,3257
0.100869,3258
0.113361,3259
0.125835,3260
0.13829,3261
0.150723,3262
0.163132,3263
0.175515,3264
0.18787,3265
0.200196,3266
0.21249,3267
0.224751,3268
0.236976,3269
0.249164,3270
0.261312,3271
0.27342,3272
0.285484,3273
0.297503,3274
0.309475,3275
0.321398,3276
0.33327,3277
0.34509,3278
0.356855,3279
0.368564,3280
0.380215,3281
0.391806,3282
0.403335,3283
0.4148,3284
0.4262,3285
0.437532,3286
0.448796,3287
0.459988,3288
0.471108,3289
0.482154,3290
0.493123,3291
0.504015,3292
0.514827,3293
0.525557,3294
0.536205,3295
0.546768,3296
0.557245,3297
0.567634,3298
0.577933,3299
0.588141,3300
0.598256,3301
0.608277,3302
0.618201,3303
0.628028,3304
0.637756,3305
0.647384,3306
0.656909,3307
0.66633,3308
0.675646,3309
0.684856,3310
0.693957,3311
0.702949,3312
0.711829,3313
0.720598,3314
0.729253,3315
0.737792,3316
0.746215,3317
0.75452,3318
0.762707,3319
0.770772,3320
0.778716,3321
0.786538,3322
0.794234,3323
0.801806,3324
0.809251,3325
0.816568,3326
0.823757,3327
0.830815,3328
0.837742,3329
0.844537,3330
0.851198,3331
0.857726,3332
0.864117,3333
0.870373,3334
0.87649,3335
0.88247,3336
0.88831,3337
0.89401,3338
0.899569,3339
0.904986,3340
0.91026,3341
0.91539,3342
0.920376,3343
0.925216,3344
0.929911,3345
0.934458,3346
0.938858,3347
0.94311,3348
0.947213,3349
0.951167,3350
0.95497,3351
0.958622,3352
0.962124,3353
0.965473,3354
0.96867,3355
0.971714,3356
0.974604,3357
0.977341,3358
0.979923,3359
0.982351,3360
0.984624,3361
0.986741,3362
0.988702,3363
0.990507,3364
0.992156,3365
0.993649,3366
0.994984,3367
0.996162,3368
0.997183,3369
0.998047,3370
0.998753,3371
0.999301,3372
0.999692,3373
0.999925,3374
1,3375
0.999917,3376
0.999676,3377
0.999278,3378
0.998721,3379
0.998007,3380
0.997136,3381
0.996107,3382
0.994921,3383
0.993577,3384
0.992077,3385
0.99042,3386
0.988607,3387
0.986638,3388
0.984513,3389
0.982233,3390
0.979797,3391
0.977207,3392
0.974463,3393
0.971565,3394
0.968513,3395
0.965308,3396
0.961952,3397
0.958443,3398
0.954783,3399
0.950972,3400
0.947011,3401
0.9429,3402
0.938641,3403
0.934234,3404
0.929679,3405
0.924977,3406
0.920129,3407
0.915136,3408
0.909999,3409
0.904718,3410
0.899294,3411
0.893728,3412
0.888021,3413
0.882173,3414
0.876187,3415
0.870062,3416
0.8638,3417
0.857401,3418
0.850867,3419
0.844199,3420
0.837397,3421
0.830464,3422
0.823399,3423
0.816204,3424
0.80888,3425
0.801429,3426
0.793851,3427
0.786148,3428
0.778321,3429
0.77037,3430
0.762299,3431
0.754106,3432
0.745795,3433
0.737366,3434
0.728821,3435
0.720161,3436
0.711386,3437
0.7025,3438
0.693503,3439
0.684396,3440
0.675181,3441
0.66586,3442
0.656433,3443
0.646903,3444
0.637271,3445
0.627538,3446
0.617706,3447
0.607776,3448
0.597751,3449
0.587631,3450
0.577418,3451
0.567115,3452
0.556721,3453
0.54624,3454
0.535673,3455
0.525021,3456
0.514286,3457
0.50347,3458
0.492574,3459
0.481601,3460
0.470552,3461
0.459428,3462
0.448232,3463
0.436965,3464
0.425629,3465
0.414226,3466
0.402758,3467
0.391226,3468
0.379632,3469
0.367978,3470
0.356266,3471
0.344498,3472
0.332676,3473
0.320801,3474
0.308875,3475
0.296901,3476
0.284879,3477
0.272813,3478
0.260704,3479
0.248553,3480
0.236364,3481
0.224137,3482
0.211874,3483
0.199578,3484
0.187251,3485
0.174894,3486
0.16251,3487
0.150099,3488
0.137665,3489
0.12521,3490
0.112734,3491
0.100241,3492
0.0877322,3493
0.0752094,3494
0.0626746,3495
0.05013,3496
0.0375775,3497
0.025019,3498
0.0124566,3499
-0.000107808,3500
-0.0126722,3501
-0.0252346,3502
-0.0377929,3503
-0.0503454,3504
-0.0628898,3505
-0.0754244,3506
-0.087947,3507
-0.100456,3508
-0.112949,3509
-0.125424,3510
-0.137879,3511
-0.150312,3512
-0.162722,3513
-0.175106,3514
-0.187463,3515
-0.19979,3516
-0.212085,3517
-0.224347,3518
-0.236573,3519
-0.248762,3520
-0.260912,3521
-0.273021,3522
-0.285086,3523
-0.297106,3524
-0.30908,3525
-0.321005,3526
-0.332879,3527
-0.3447,3528
-0.356468,3529
-0.368178,3530
-0.379831,3531
-0.391424,3532
-0.402955,3533
-0.414422,3534
-0.425824,3535
-0.437159,3536
-0.448425,3537
-0.45962,3538
-0.470742,3539
-0.48179,3540
-0.492762,3541
-0.503656,3542
-0.514471,3543
-0.525204,3544
-0.535855,3545
-0.546421,3546
-0.5569,3547
-0.567292,3548
-0.577594,3549
-0.587805,3550
-0.597924,3551
-0.607947,3552
-0.617875,3553
-0.627706,3554
-0.637437,3555
-0.647067,3556
-0.656596,3557
-0.66602,3558
-0.67534,3559
-0.684553,3560
-0.693658,3561
-0.702653,3562
-0.711538,3563
-0.72031,3564
-0.728969,3565
-0.737512,3566
-0.745939,3567
-0.754248,3568
-0.762438,3569
-0.770508,3570
-0.778456,3571
-0.786281,3572
-0.793982,3573
-0.801558,3574
-0.809007,3575
-0.816329,3576
-0.823521,3577
-0.830584,3578
-0.837515,3579
-0.844315,3580
-0.85098,3581
-0.857512,3582
-0.863908,3583
-0.870168,3584
-0.876291,3585
-0.882275,3586
-0.88812,3587
-0.893824,3588
-0.899388,3589
-0.904809,3590
-0.910088,3591
-0.915223,3592
-0.920214,3593
-0.925059,3594
-0.929758,3595
-0.934311,3596
-0.938716,3597
-0.942972,3598
-0.94708,3599
-0.951039,3600
-0.954847,3601
-0.958504,3602
-0.96201,3603
-0.965365,3604
-0.968567,3605
-0.971616,3606
-0.974511,3607
-0.977253,3608
-0.97984,3609
-0.982273,3610
-0.984551,3611
-0.986673,3612
-0.98864,3613
-0.99045,3614
-0.992104,3615
-0.993602,3616
-0.994942,3617
-0.996126,3618
-0.997152,3619
-0.998021,3620
-0.998732,3621
-0.999286,3622
-0.999682,3623
-0.99992,3624
-1,3625
-0.999922,3626
-0.999687,3627
-0.999293,3628
-0.998742,3629
-0.998034,3630
-0.997167,3631
-0.996143,3632
-0.994962,3633
-0.993624,3634
-0.992129,3635
-0.990478,3636
-0.98867,3637
-0.986706,3638
-0.984586,3639
-0.982311,3640
-0.97988,3641
-0.977295,3642
-0.974556,3643
-0.971663,3644
-0.968616,3645
-0.965417,3646
-0.962065,3647
-0.958561,3648
-0.954906,3649
-0.9511,3650
-0.947144,3651
-0.943039,3652
-0.938784,3653
-0.934382,3654
-0.929831,3655
-0.925135,3656
-0.920292,3657
-0.915303,3658
-0.910171,3659
-0.904894,3660
-0.899475,3661
-0.893914,3662
-0.888211,3663
-0.882369,3664
-0.876387,3665
-0.870266,3666
-0.864009,3667
-0.857615,3668
-0.851085,3669
-0.844421,3670
-0.837624,3671
-0.830695,3672
-0.823634,3673
-0.816444,3674
-0.809124,3675
-0.801677,3676
-0.794103,3677
-0.786404,3678
-0.778581,3679
-0.770635,3680
-0.762567,3681
-0.754379,3682
-0.746072,3683
-0.737647,3684
-0.729105,3685
-0.720448,3686
-0.711678,3687
-0.702795,3688
-0.693802,3689
-0.684698,3690
-0.675487,3691
-0.666169,3692
-0.656746,3693
-0.647219,3694
-0.63759,3695
-0.627861,3696
-0.618032,3697
-0.608106,3698
-0.598083,3699
-0.587967,3700
-0.577757,3701
-0.567456,3702
-0.557066,3703
-0.546588,3704
-0.536023,3705
-0.525374,3706
-0.514642,3707
-0.503828,3708
-0.492935,3709
-0.481965,3710
-0.470918,3711
-0.459797,3712
-0.448603,3713
-0.437338,3714
-0.426005,3715
-0.414604,3716
-0.403137,3717
-0.391607,3718
-0.380016,3719
-0.368364,3720
-0.356654,3721
-0.344888,3722
-0.333067,3723
-0.321194,3724
-0.30927,3725
-0.297297,3726
-0.285277,3727
-0.273212,3728
-0.261104,3729
-0.248955,3730
-0.236767,3731
-0.224541,3732
-0.21228,3733
-0.199985,3734
-0.187659,3735
-0.175303,3736
-0.162919,3737
-0.15051,3738
-0.138076,3739
-0.125621,3740
-0.113147,3741
-0.100654,3742
-0.0881456,3743
-0.0756231,3744
-0.0630888,3745
-0.0505444,3746
-0.0379921,3747
-0.0254338,3748
-0.0128715,3749
-0.00030715,3750
0.0122573,3751
0.0248197,3752
0.0373783,3753
0.0499309,3754
0.0624757,3755
0.0750106,3756
0.0875337,3757
0.100043,3758
0.112536,3759
0.125012,3760
0.137468,3761
0.149902,3762
0.162313,3763
0.174698,3764
0.187055,3765
0.199383,3766
0.211679,3767
0.223942,3768
0.23617,3769
0.24836,3770
0.260511,3771
0.272621,3772
0.284688,3773
0.29671,3774
0.308685,3775
0.320612,3776
0.332488,3777
0.344311,3778
0.35608,3779
0.367793,3780
0.379447,3781
0.391042,3782
0.402575,3783
0.414045,3784
0.425449,3785
0.436786,3786
0.448054,3787
0.459251,3788
0.470376,3789
0.481426,3790
0.492401,3791
0.503298,3792
0.514115,3793
0.524851,3794
0.535504,3795
0.546073,3796
0.556556,3797
0.56695,3798
0.577256,3799
0.58747,3800
0.597591,3801
0.607618,3802
0.617549,3803
0.627382,3804
0.637117,3805
0.646751,3806
0.656283,3807
0.665711,3808
0.675034,3809
0.684251,3810
0.693359,3811
0.702358,3812
0.711246,3813
0.720022,3814
0.728684,3815
0.737232,3816
0.745662,3817
0.753976,3818
0.76217,3819
0.770243,3820
0.778195,3821
0.786025,3822
0.79373,3823
0.80131,3824
0.808763,3825
0.816089,3826
0.823286,3827
0.830353,3828
0.837288,3829
0.844092,3830
0.850762,3831
0.857299,3832
0.863699,3833
0.869964,3834
0.876091,3835
0.882079,3836
0.887929,3837
0.893638,3838
0.899206,3839
0.904633,3840
0.909916,3841
0.915056,3842
0.920051,3843
0.924901,3844
0.929605,3845
0.934163,3846
0.938572,3847
0.942834,3848
0.946947,3849
0.95091,3850
0.954723,3851
0.958386,3852
0.961897,3853
0.965256,3854
0.968463,3855
0.971517,3856
0.974418,3857
0.977165,3858
0.979757,3859
0.982195,3860
0.984478,3861
0.986606,3862
0.988577,3863
0.990393,3864
0.992052,3865
0.993555,3866
0.994901,3867
0.996089,3868
0.997121,3869
0.997995,3870
0.998711,3871
0.99927,3872
0.999671,3873
0.999914,3874
1,3875
0.999927,3876
0.999697,3877
0.999309,3878
0.998763,3879
0.998059,3880
0.997198,3881
0.99618,3882
0.995004,3883
0.993671,3884
0.992181,3885
0.990535,3886
0.988732,3887
0.986773,3888
0.984658,3889
0.982388,3890
0.979963,3891
0.977383,3892
0.974649,3893
0.971761,3894
0.968719,3895
0.965525,3896
0.962178,3897
0.958679,3898
0.955029,3899
0.951228,3900
0.947277,3901
0.943177,3902
0.938927,3903
0.934529,3904
0.929984,3905
0.925292,3906
0.920454,3907
0.91547,3908
0.910342,3909
0.905071,3910
0.899656,3911
0.8941,3912
0.888402,3913
0.882564,3914
0.876586,3915
0.870471,3916
0.864218,3917
0.857828,3918
0.851303,3919
0.844644,3920
0.837851,3921
0.830926,3922
0.82387,3923
0.816683,3924
0.809368,3925
0.801925,3926
0.794356,3927
0.786661,3928
0.778841,3929
0.770899,3930
0.762836,3931
0.754651,3932
0.746348,3933
0.737927,3934
0.729389,3935
0.720736,3936
0.711969,3937
0.70309,3938
0.6941,3939
0.685001,3940
0.675793,3941
0.666479,3942
0.657059,3943
0.647536,3944
0.63791,3945
0.628184,3946
0.618358,3947
0.608435,3948
0.598416,3949
0.588302,3950
0.578096,3951
0.567798,3952
0.55741,3953
0.546935,3954
0.536373,3955
0.525727,3956
0.514997,3957
0.504187,3958
0.493296,3959
0.482328,3960
0.471284,3961
0.460165,3962
0.448974,3963
0.437711,3964
0.42638,3965
0.414981,3966
0.403517,3967
0.391989,3968
0.380399,3969
0.36875,3970
0.357042,3971
0.345277,3972
0.333458,3973
0.321587,3974
0.309664,3975
0.297693,3976
0.285675,3977
0.273611,3978
0.261505,3979
0.249357,3980
0.23717,3981
0.224945,3982
0.212685,3983
0.200391,3984
0.188066,3985
0.175711,3986
0.163328,3987
0.15092,3988
0.138487,3989
0.126033,3990
0.113559,3991
0.101067,3992
0.0885589,3993
0.0760369,3994
0.0635029,3995
0.0509589,3996
0.0384068,3997
0.0258486,3998
0.0132864,3999
0.000722107,4000
-0.0118423,4001
-0.0244049,4002
-0.0369636,4003
-0.0495165,4004
-0.0620615,4005
-0.0745968,4006
-0.0871203,4007
-0.09963,4008
-0.112124,4009
-0.1246,4010
-0.137057,4011
-0.149492,4012
-0.161903,4013
-0.174289,4014
-0.186647,4015
-0.198976,4016
-0.211274,4017
-0.223538,4018
-0.235767,4019
-0.247958,4020
-0.260111,4021
-0.272222,4022
-0.28429,4023
-0.296314,4024
-0.308291,4025
-0.320219,4026
-0.332096,4027
-0.343921,4028
-0.355692,4029
-0.367407,4030
-0.379063,4031
-0.39066,4032
-0.402195,4033
-0.413667,4034
-0.425073,4035
-0.436412,4036
-0.447683,4037
-0.458882,4038
-0.47001,4039
-0.481063,4040
-0.49204,4041
-0.502939,4042
-0.513759,4043
-0.524498,4044
-0.535154,4045
-0.545725,4046
-0.556211,4047
-0.566608,4048
-0.576917,4049
-0.587134,4050
-0.597258,4051
-0.607288,4052
-0.617222,4053
-0.627059,4054
-0.636797,4055
-0.646434,4056
-0.65597,4057
-0.665401,4058
-0.674728,4059
-0.683948,4060
-0.69306,4061
-0.702063,4062
-0.710955,4063
-0.719734,4064
-0.7284,4065
-0.736951,4066
-0.745386,4067
-0.753703,4068
-0.761901,4069
-0.769979,4070
-0.777935,4071
-0.785768,4072
-0.793477,4073
-0.801062,4074
-0.808519,4075
-0.815849,4076
-0.82305,4077
-0.830121,4078
-0.837062,4079
-0.84387,4080
-0.850544,4081
-0.857085,4082
-0.86349,4083
-0.869759,4084
-0.875891,4085
-0.881884,4086
-0.887738,4087
-0.893452,4088
-0.899025,4089
-0.904456,4090
-0.909744,4091
-0.914888,4092
-0.919888,4093
-0.924743,4094
-0.929452,4095
-0.934014,4096
-0.938429,4097
-0.942696,4098
-0.946813,4099
-0.950782,4100
-0.9546,4101
-0.958267,4102
-0.961784,4103
-0.965148,4104
-0.96836,4105
-0.971419,4106
-0.974325,4107
-0.977077,4108
-0.979674,4109
-0.982117,4110
-0.984405,4111
-0.986538,4112
-0.988515,4113
-0.990335,4114
-0.992,4115
-0.993508,4116
-0.994859,4117
-0.996053,4118
-0.997089,4119
-0.997968,4120
-0.99869,4121
-0.999254,4122
-0.99966,4123
-0.999909,4124
-1,4125
-0.999932,4126
-0.999707,4127
-0.999324,4128
-0.998784,4129
-0.998085,4130
-0.997229,4131
-0.996216,4132
-0.995045,4133
-0.993717,4134
-0.992233,4135
-0.990592,4136
-0.988794,4137
-0.98684,4138
-0.984731,4139
-0.982466,4140
-0.980046,4141
-0.977471,4142
-0.974742,4143
-0.971859,4144
-0.968822,4145
-0.965633,4146
-0.962291,4147
-0.958797,4148
-0.955152,4149
-0.951356,4150
-0.94741,4151
-0.943314,4152
-0.93907,4153
-0.934677,4154
-0.930137,4155
-0.925449,4156
-0.920616,4157
-0.915637,4158
-0.910514,4159
-0.905247,4160
-0.899837,4161
-0.894285,4162
-0.888592,4163
-0.882759,4164
-0.876786,4165
-0.870675,4166
-0.864426,4167
-0.858041,4168
-0.851521,4169
-0.844866,4170
-0.838077,4171
-0.831157,4172
-0.824105,4173
-0.816923,4174
-0.809612,4175
-0.802173,4176
-0.794608,4177
-0.786917,4178
-0.779102,4179
-0.771164,4180
-0.763104,4181
-0.754923,4182
-0.746624,4183
-0.738207,4184
-0.729673,4185
-0.721024,4186
-0.712261,4187
-0.703385,4188
-0.694399,4189
-0.685303,4190
-0.676099,4191
-0.666788,4192
-0.657372,4193
-0.647852,4194
-0.638229,4195
-0.628506,4196
-0.618684,4197
-0.608764,4198
-0.598748,4199
-0.588638,4200
-0.578434,4201
-0.568139,4202
-0.557755,4203
-0.547282,4204
-0.536723,4205
-0.52608,4206
-0.515353,4207
-0.504545,4208
-0.493657,4209
-0.482692,4210
-0.47165,4211
-0.460533,4212
-0.449344,4213
-0.438084,4214
-0.426755,4215
-0.415359,4216
-0.403897,4217
-0.392371,4218
-0.380783,4219
-0.369135,4220
-0.357429,4221
-0.345666,4222
-0.333849,4223
-0.321979,4224
-0.310059,4225
-0.298089,4226
-0.286072,4227
-0.274011,4228
-0.261905,4229
-0.249759,4230
-0.237573,4231
-0.22535,4232
-0.213091,4233
-0.200798,4234
-0.188474,4235
-0.17612,4236
-0.163738,4237
-0.15133,4238
-0.138898,4239
-0.126445,4240
-0.113971,4241
-0.10148,4242
-0.0889722,4243
-0.0764507,4244
-0.063917,4245
-0.0513733,4246
-0.0388214,4247
-0.0262635,4248
-0.0137013,4249
-0.00113706,4250
0.0114274,4251
0.0239901,4252
0.0365489,4253
0.049102,4254
0.0616474,4255
0.074183,4256
0.0867069,4257
0.0992171,4258
0.111712,4259
0.124189,4260
0.136646,4261
0.149082,4262
0.161494,4263
0.173881,4264
0.18624,4265
0.19857,4266
0.210868,4267
0.223133,4268
0.235363,4269
0.247556,4270
0.25971,4271
0.271823,4272
0.283893,4273
0.295918,4274
0.307896,4275
0.319826,4276
0.331705,4277
0.343532,4278
0.355304,4279
0.367021,4280
0.378679,4281
0.390278,4282
0.401815,4283
0.413289,4284
0.424698,4285
0.436039,4286
0.447312,4287
0.458514,4288
0.469643,4289
0.480699,4290
0.491678,4291
0.50258,4292
0.513403,4293
0.524144,4294
0.534803,4295
0.545378,4296
0.555866,4297
0.566267,4298
0.576578,4299
0.586798,4300
0.596925,4301
0.606958,4302
0.616896,4303
0.626736,4304
0.636477,4305
0.646118,4306
0.655656,4307
0.665091,4308
0.674421,4309
0.683645,4310
0.692761,4311
0.701767,4312
0.710663,4313
0.719446,4314
0.728116,4315
0.736671,4316
0.745109,4317
0.75343,4318
0.761632,4319
0.769714,4320
0.777674,4321
0.785511,4322
0.793225,4323
0.800813,4324
0.808275,4325
0.815609,4326
0.822814,4327
0.82989,4328
0.836834,4329
0.843647,4330
0.850326,4331
0.856871,4332
0.863281,4333
0.869554,4334
0.87569,4335
0.881688,4336
0.887547,4337
0.893265,4338
0.898843,4339
0.904279,4340
0.909571,4341
0.914721,4342
0.919726,4343
0.924585,4344
0.929299,4345
0.933866,4346
0.938286,4347
0.942557,4348
0.94668,4349
0.950653,4350
0.954476,4351
0.958149,4352
0.96167,4353
0.965039,4354
0.968256,4355
0.97132,4356
0.974231,4357
0.976988,4358
0.979591,4359
0.982039,4360
0.984332,4361
0.98647,4362
0.988452,4363
0.990278,4364
0.991947,4365
0.99346,4366
0.994817,4367
0.996016,4368
0.997057,4369
0.997942,4370
0.998669,4371
0.999238,4372
0.99965,4373
0.999903,4374
0.999999,4375
0.999937,4376
0.999717,4377
0.999339,4378
0.998804,4379
0.998111,4380
0.99726,4381
0.996252,4382
0.995086,4383
0.993764,4384
0.992284,4385
0.990648,4386
0.988856,4387
0.986907,4388
0.984803,4389
0.982543,4390
0.980128,4391
0.977558,4392
0.974834,4393
0.971956,4394
0.968925,4395
0.965741,4396
0.962404,4397
0.958915,4398
0.955275,4399
0.951484,4400
0.947543,4401
0.943452,4402
0.939212,4403
0.934824,4404
0.930289,4405
0.925606,4406
0.920778,4407
0.915804,4408
0.910686,4409
0.905423,4410
0.900018,4411
0.894471,4412
0.888782,4413
0.882954,4414
0.876986,4415
0.870879,4416
0.864635,4417
0.858254,4418
0.851738,4419
0.845088,4420
0.838304,4421
0.831387,4422
0.82434,4423
0.817162,4424
0.809855,4425
0.802421,4426
0.794859,4427
0.787173,4428
0.779362,4429
0.771428,4430
0.763372,4431
0.755196,4432
0.7469,4433
0.738486,4434
0.729956,4435
0.721311,4436
0.712552,4437
0.70368,4438
0.694698,4439
0.685605,4440
0.676405,4441
0.667097,4442
0.657684,4443
0.648168,4444
0.638549,4445
0.628829,4446
0.61901,4447
0.609093,4448
0.599081,4449
0.588973,4450
0.578773,4451
0.568481,4452
0.558099,4453
0.54763,4454
0.537074,4455
0.526433,4456
0.515709,4457
0.504903,4458
0.494018,4459
0.483055,4460
0.472016,4461
0.460902,4462
0.449715,4463
0.438457,4464
0.427131,4465
0.415736,4466
0.404276,4467
0.392753,4468
0.381167,4469
0.369521,4470
0.357817,4471
0.346056,4472
0.33424,4473
0.322372,4474
0.310453,4475
0.298485,4476
0.28647,4477
0.27441,4478
0.262306,4479
0.250161,4480
0.237976,4481
0.225754,4482
0.213496,4483
0.201204,4484
0.188881,4485
0.176528,4486
0.164147,4487
0.15174,4488
0.139309,4489
0.126856,4490
0.114384,4491
0.101893,4492
0.0893855,4493
0.0768644,4494
0.0643311,4495
0.0517877,4496
0.0392361,4497
0.0266783,4498
0.0141163,4499
