0,0
0.0710746,4.53515e-005
0.141585,9.07029e-005
0.211181,0.000136054
0.279521,0.000181406
0.346273,0.000226757
0.411117,0.000272109
0.473747,0.00031746
0.533871,0.000362812
0.591214,0.000408163
0.645516,0.000453515
0.696535,0.000498866
0.74405,0.000544218
0.787857,0.000589569
0.827774,0.000634921
0.863639,0.000680272
0.895311,0.000725624
0.922671,0.000770975
0.945622,0.000816327
0.964088,0.000861678
0.978016,0.000907029
0.987374,0.000952381
0.992153,0.000997732
0.992362,0.00104308
0.988035,0.00108844
0.979224,0.00113379
0.966001,0.00117914
0.948458,0.00122449
0.926705,0.00126984
0.90087,0.00131519
0.871098,0.00136054
0.837549,0.0014059
0.800398,0.00145125
0.759836,0.0014966
0.716064,0.00154195
0.669297,0.0015873
0.619759,0.00163265
0.567684,0.001678
0.513316,0.00172336
0.456903,0.00176871
0.398701,0.00181406
0.338971,0.00185941
0.277976,0.00190476
0.215983,0.00195011
0.153258,0.00199546
0.0900697,0.00204082
0.0266839,0.00208617
-0.0366351,0.00213152
-0.0996267,0.00217687
-0.162034,0.00222222
-0.223606,0.00226757
-0.284099,0.00231293
-0.343273,0.00235828
-0.400899,0.00240363
-0.456756,0.00244898
-0.510634,0.00249433
-0.562331,0.00253968
-0.611657,0.00258503
-0.658434,0.00263039
-0.702495,0.00267574
-0.743687,0.00272109
-0.781868,0.00276644
-0.816912,0.00281179
-0.848705,0.00285714
-0.877146,0.00290249
-0.902151,0.00294785
-0.923647,0.0029932
-0.941576,0.00303855
-0.955896,0.0030839
-0.966578,0.00312925
-0.973607,0.0031746
-0.976981,0.00321995
-0.976714,0.00326531
-0.972831,0.00331066
-0.965372,0.00335601
-0.954389,0.00340136
-0.939947,0.00344671
-0.922122,0.00349206
-0.901003,0.00353741
-0.876687,0.00358277
-0.849286,0.00362812
-0.818918,0.00367347
-0.785712,0.00371882
-0.749807,0.00376417
-0.711347,0.00380952
-0.670487,0.00385488
-0.627385,0.00390023
-0.58221,0.00394558
-0.535131,0.00399093
-0.486327,0.00403628
-0.435976,0.00408163
-0.384264,0.00412698
-0.331377,0.00417234
-0.277503,0.00421769
-0.222834,0.00426304
-0.167558,0.00430839
-0.111867,0.00435374
-0.0559518,0.00439909
4.92598e-015,0.00444444
0.0558013,0.0044898
0.111268,0.00453515
0.166218,0.0045805
0.220475,0.00462585
0.273866,0.0046712
0.32622,0.00471655
0.377376,0.0047619
0.427176,0.00480726
0.475467,0.00485261
0.522105,0.00489796
0.566951,0.00494331
0.609874,0.00498866
0.650752,0.00503401
0.689467,0.00507937
0.725913,0.00512472
0.759991,0.00517007
0.791609,0.00521542
0.820686,0.00526077
0.847149,0.00530612
0.870932,0.00535147
0.891981,0.00539683
0.910249,0.00544218
0.925699,0.00548753
0.938303,0.00553288
0.948041,0.00557823
0.954903,0.00562358
0.958887,0.00566893
0.96,0.00571429
0.958258,0.00575964
0.953685,0.00580499
0.946314,0.00585034
0.936183,0.00589569
0.923341,0.00594104
0.907844,0.00598639
0.889753,0.00603175
0.869139,0.0060771
0.846077,0.00612245
0.820649,0.0061678
0.792944,0.00621315
0.763056,0.0062585
0.731085,0.00630385
0.697133,0.00634921
0.66131,0.00639456
0.623728,0.00643991
0.584505,0.00648526
0.54376,0.00653061
0.501616,0.00657596
0.458198,0.00662132
0.413636,0.00666667
0.368058,0.00671202
0.321595,0.00675737
0.27438,0.00680272
0.226546,0.00684807
0.178226,0.00689342
0.129553,0.00693878
0.0806599,0.00698413
0.0316789,0.00702948
-0.0172592,0.00707483
-0.066025,0.00712018
-0.114491,0.00716553
-0.162531,0.00721088
-0.210022,0.00725624
-0.256845,0.00730159
-0.30288,0.00734694
-0.348015,0.00739229
-0.392138,0.00743764
-0.435143,0.00748299
-0.476926,0.00752834
-0.517389,0.0075737
-0.556437,0.00761905
-0.59398,0.0076644
-0.629933,0.00770975
-0.664217,0.0077551
-0.696755,0.00780045
-0.727478,0.0078458
-0.756321,0.00789116
-0.783224,0.00793651
-0.808133,0.00798186
-0.831001,0.00802721
-0.851783,0.00807256
-0.870442,0.00811791
-0.886946,0.00816327
-0.901269,0.00820862
-0.91339,0.00825397
-0.923295,0.00829932
-0.930972,0.00834467
-0.936418,0.00839002
-0.939634,0.00843537
-0.940626,0.00848073
-0.939406,0.00852608
-0.93599,0.00857143
-0.930401,0.00861678
-0.922664,0.00866213
-0.912812,0.00870748
-0.90088,0.00875283
-0.886909,0.00879819
-0.870944,0.00884354
-0.853033,0.00888889
-0.833229,0.00893424
-0.81159,0.00897959
-0.788175,0.00902494
-0.763048,0.00907029
-0.736277,0.00911565
-0.707931,0.009161
-0.678084,0.00920635
-0.646811,0.0092517
-0.61419,0.00929705
-0.580301,0.0093424
-0.545227,0.00938776
-0.509052,0.00943311
-0.471861,0.00947846
-0.433742,0.00952381
-0.394782,0.00956916
-0.355072,0.00961451
-0.3147,0.00965986
-0.273758,0.00970522
-0.232336,0.00975057
-0.190526,0.00979592
-0.148418,0.00984127
-0.106102,0.00988662
-0.0636707,0.00993197
-0.0212118,0.00997732
0.0211853,0.0100227
0.0634329,0.010068
0.105444,0.0101134
0.147134,0.0101587
0.188419,0.0102041
0.229215,0.0102494
0.269444,0.0102948
0.309027,0.0103401
0.347886,0.0103855
0.385949,0.0104308
0.423143,0.0104762
0.459399,0.0105215
0.49465,0.0105669
0.528831,0.0106122
0.561882,0.0106576
0.593744,0.0107029
0.624361,0.0107483
0.653681,0.0107937
0.681654,0.010839
0.708233,0.0108844
0.733376,0.0109297
0.757042,0.0109751
0.779194,0.0110204
0.799799,0.0110658
0.818827,0.0111111
0.836251,0.0111565
0.852048,0.0112018
0.866196,0.0112472
0.87868,0.0112925
0.889485,0.0113379
0.898602,0.0113832
0.906023,0.0114286
0.911745,0.0114739
0.915767,0.0115193
0.918093,0.0115646
0.918727,0.01161
0.917678,0.0116553
0.914959,0.0117007
0.910585,0.011746
0.904573,0.0117914
0.896944,0.0118367
0.88772,0.0118821
0.876929,0.0119274
0.864599,0.0119728
0.850761,0.0120181
0.835448,0.0120635
0.818696,0.0121088
0.800544,0.0121542
0.781031,0.0121995
0.760201,0.0122449
0.738096,0.0122902
0.714764,0.0123356
0.690251,0.012381
0.664608,0.0124263
0.637885,0.0124717
0.610134,0.012517
0.581409,0.0125624
0.551765,0.0126077
0.521258,0.0126531
0.489944,0.0126984
0.45788,0.0127438
0.425127,0.0127891
0.391741,0.0128345
0.357784,0.0128798
0.323314,0.0129252
0.288392,0.0129705
0.253079,0.0130159
0.217435,0.0130612
0.181521,0.0131066
0.145397,0.0131519
0.109123,0.0131973
0.0727592,0.0132426
0.0363652,0.013288
7.30305e-014,0.0133333
-0.0362781,0.0133787
-0.0724112,0.013424
-0.108342,0.0134694
-0.144016,0.0135147
-0.179375,0.0135601
-0.214368,0.0136054
-0.24894,0.0136508
-0.283039,0.0136961
-0.316614,0.0137415
-0.349617,0.0137868
-0.381999,0.0138322
-0.413713,0.0138776
-0.444714,0.0139229
-0.474959,0.0139683
-0.504404,0.0140136
-0.533011,0.014059
-0.560739,0.0141043
-0.587552,0.0141497
-0.613413,0.014195
-0.638291,0.0142404
-0.662152,0.0142857
-0.684966,0.0143311
-0.706706,0.0143764
-0.727345,0.0144218
-0.746858,0.0144671
-0.765224,0.0145125
-0.782421,0.0145578
-0.798432,0.0146032
-0.813238,0.0146485
-0.826825,0.0146939
-0.839181,0.0147392
-0.850295,0.0147846
-0.860156,0.0148299
-0.868759,0.0148753
-0.876098,0.0149206
-0.882169,0.014966
-0.886972,0.0150113
-0.890506,0.0150567
-0.892773,0.015102
-0.893777,0.0151474
-0.893525,0.0151927
-0.892023,0.0152381
-0.889281,0.0152834
-0.885309,0.0153288
-0.88012,0.0153741
-0.873728,0.0154195
-0.866149,0.0154649
-0.857399,0.0155102
-0.847497,0.0155556
-0.836463,0.0156009
-0.824319,0.0156463
-0.811087,0.0156916
-0.796792,0.015737
-0.781458,0.0157823
-0.765111,0.0158277
-0.747781,0.015873
-0.729495,0.0159184
-0.710282,0.0159637
-0.690175,0.0160091
-0.669203,0.0160544
-0.647401,0.0160998
-0.624801,0.0161451
-0.601436,0.0161905
-0.577343,0.0162358
-0.552557,0.0162812
-0.527113,0.0163265
-0.501049,0.0163719
-0.4744,0.0164172
-0.447206,0.0164626
-0.419503,0.0165079
-0.391331,0.0165533
-0.362727,0.0165986
-0.33373,0.016644
-0.30438,0.0166893
-0.274715,0.0167347
-0.244774,0.01678
-0.214597,0.0168254
-0.184223,0.0168707
-0.15369,0.0169161
-0.123037,0.0169615
-0.0923036,0.0170068
-0.0615275,0.0170522
-0.030747,0.0170975
-6.94271e-014,0.0171429
0.0306761,0.0171882
0.0612444,0.0172336
0.091668,0.0172789
0.121911,0.0173243
0.151938,0.0173696
0.181714,0.017415
0.211204,0.0174603
0.240374,0.0175057
0.269193,0.017551
0.297626,0.0175964
0.325643,0.0176417
0.353213,0.0176871
0.380305,0.0177324
0.406891,0.0177778
0.432942,0.0178231
0.45843,0.0178685
0.483329,0.0179138
0.507613,0.0179592
0.531257,0.0180045
0.554238,0.0180499
0.576533,0.0180952
0.598119,0.0181406
0.618977,0.0181859
0.639086,0.0182313
0.658427,0.0182766
0.676982,0.018322
0.694736,0.0183673
0.711672,0.0184127
0.727775,0.018458
0.743032,0.0185034
0.757432,0.0185488
0.770961,0.0185941
0.78361,0.0186395
0.79537,0.0186848
0.806232,0.0187302
0.81619,0.0187755
0.825237,0.0188209
0.833368,0.0188662
0.84058,0.0189116
0.846869,0.0189569
0.852233,0.0190023
0.856673,0.0190476
0.860187,0.019093
0.862777,0.0191383
0.864445,0.0191837
0.865194,0.019229
0.865029,0.0192744
0.863954,0.0193197
0.861975,0.0193651
0.8591,0.0194104
0.855336,0.0194558
0.850691,0.0195011
0.845175,0.0195465
0.838799,0.0195918
0.831574,0.0196372
0.823511,0.0196825
0.814623,0.0197279
0.804924,0.0197732
0.794428,0.0198186
0.78315,0.0198639
0.771105,0.0199093
0.75831,0.0199546
0.744782,0.02
0.730538,0.0200454
0.715595,0.0200907
0.699974,0.0201361
0.683693,0.0201814
0.666771,0.0202268
0.649229,0.0202721
0.631088,0.0203175
0.612368,0.0203628
0.59309,0.0204082
0.573278,0.0204535
0.552953,0.0204989
0.532137,0.0205442
0.510853,0.0205896
0.489124,0.0206349
0.466974,0.0206803
0.444427,0.0207256
0.421505,0.020771
0.398233,0.0208163
0.374635,0.0208617
0.350734,0.020907
0.326557,0.0209524
0.302125,0.0209977
0.277465,0.0210431
0.2526,0.0210884
0.227555,0.0211338
0.202354,0.0211791
0.177022,0.0212245
0.151582,0.0212698
0.126059,0.0213152
0.100478,0.0213605
0.0748604,0.0214059
0.0492317,0.0214512
0.0236152,0.0214966
-0.001966,0.021542
-0.0274886,0.0215873
-0.0529298,0.0216327
-0.078267,0.021678
-0.103478,0.0217234
-0.12854,0.0217687
-0.153432,0.0218141
-0.178133,0.0218594
-0.202621,0.0219048
-0.226875,0.0219501
-0.250876,0.0219955
-0.274603,0.0220408
-0.298037,0.0220862
-0.321159,0.0221315
-0.343949,0.0221769
-0.366391,0.0222222
-0.388465,0.0222676
-0.410155,0.0223129
-0.431444,0.0223583
-0.452316,0.0224036
-0.472754,0.022449
-0.492743,0.0224943
-0.512268,0.0225397
-0.531316,0.022585
-0.549872,0.0226304
-0.567923,0.0226757
-0.585456,0.0227211
-0.602459,0.0227664
-0.618921,0.0228118
-0.63483,0.0228571
-0.650175,0.0229025
-0.664948,0.0229478
-0.679138,0.0229932
-0.692737,0.0230385
-0.705736,0.0230839
-0.718128,0.0231293
-0.729905,0.0231746
-0.741061,0.02322
-0.751591,0.0232653
-0.761487,0.0233107
-0.770747,0.023356
-0.779364,0.0234014
-0.787337,0.0234467
-0.794661,0.0234921
-0.801333,0.0235374
-0.807352,0.0235828
-0.812717,0.0236281
-0.817425,0.0236735
-0.821478,0.0237188
-0.824874,0.0237642
-0.827614,0.0238095
-0.8297,0.0238549
-0.831134,0.0239002
-0.831916,0.0239456
-0.832051,0.0239909
-0.83154,0.0240363
-0.830388,0.0240816
-0.8286,0.024127
-0.826178,0.0241723
-0.823129,0.0242177
-0.819458,0.024263
-0.81517,0.0243084
-0.810273,0.0243537
-0.804772,0.0243991
-0.798676,0.0244444
-0.791991,0.0244898
-0.784726,0.0245351
-0.776889,0.0245805
-0.768489,0.0246259
-0.759535,0.0246712
-0.750036,0.0247166
-0.740002,0.0247619
-0.729443,0.0248073
-0.71837,0.0248526
-0.706793,0.024898
-0.694724,0.0249433
-0.682173,0.0249887
-0.669153,0.025034
-0.655675,0.0250794
-0.641751,0.0251247
-0.627394,0.0251701
-0.612615,0.0252154
-0.597429,0.0252608
-0.581848,0.0253061
-0.565885,0.0253515
-0.549553,0.0253968
-0.532865,0.0254422
-0.515837,0.0254875
-0.498481,0.0255329
-0.480811,0.0255782
-0.462841,0.0256236
-0.444585,0.0256689
-0.426059,0.0257143
-0.407275,0.0257596
-0.388249,0.025805
-0.368995,0.0258503
-0.349527,0.0258957
-0.32986,0.025941
-0.310009,0.0259864
-0.289988,0.0260317
-0.269812,0.0260771
-0.249495,0.0261224
-0.229052,0.0261678
-0.208498,0.0262132
-0.187847,0.0262585
-0.167114,0.0263039
-0.146312,0.0263492
-0.125457,0.0263946
-0.104563,0.0264399
-0.0836444,0.0264853
-0.0627146,0.0265306
-0.041788,0.026576
-0.0208785,0.0266213
4.25463e-014,0.0266667
0.0208339,0.026712
0.0416095,0.0267574
0.0623136,0.0268027
0.0829327,0.0268481
0.103454,0.0268934
0.123864,0.0269388
0.14415,0.0269841
0.164301,0.0270295
0.184302,0.0270748
0.204142,0.0271202
0.22381,0.0271655
0.243292,0.0272109
0.262578,0.0272562
0.281656,0.0273016
0.300516,0.0273469
0.319145,0.0273923
0.337533,0.0274376
0.355671,0.027483
0.373547,0.0275283
0.391151,0.0275737
0.408474,0.027619
0.425507,0.0276644
0.442239,0.0277098
0.458663,0.0277551
0.474769,0.0278005
0.490548,0.0278458
0.505994,0.0278912
0.521097,0.0279365
0.53585,0.0279819
0.550245,0.0280272
0.564277,0.0280726
0.577937,0.0281179
0.591219,0.0281633
0.604118,0.0282086
0.616626,0.028254
0.628738,0.0282993
0.64045,0.0283447
0.651755,0.02839
0.662649,0.0284354
0.673127,0.0284807
0.683186,0.0285261
0.69282,0.0285714
0.702027,0.0286168
0.710803,0.0286621
0.719145,0.0287075
0.72705,0.0287528
0.734515,0.0287982
0.741538,0.0288435
0.748118,0.0288889
0.754252,0.0289342
0.759939,0.0289796
0.765177,0.0290249
0.769967,0.0290703
0.774306,0.0291156
0.778196,0.029161
0.781635,0.0292063
0.784625,0.0292517
0.787164,0.0292971
0.789255,0.0293424
0.790897,0.0293878
0.792093,0.0294331
0.792843,0.0294785
0.79315,0.0295238
0.793014,0.0295692
0.792439,0.0296145
0.791426,0.0296599
0.789979,0.0297052
0.7881,0.0297506
0.785792,0.0297959
0.783059,0.0298413
0.779903,0.0298866
0.776329,0.029932
0.772341,0.0299773
0.767943,0.0300227
0.763138,0.030068
0.757932,0.0301134
0.75233,0.0301587
0.746335,0.0302041
0.739954,0.0302494
0.733191,0.0302948
0.726052,0.0303401
0.718543,0.0303855
0.710668,0.0304308
0.702435,0.0304762
0.693849,0.0305215
0.684916,0.0305669
0.675643,0.0306122
0.666036,0.0306576
0.656101,0.0307029
0.645846,0.0307483
0.635278,0.0307937
0.624403,0.030839
0.613228,0.0308844
0.60176,0.0309297
0.590008,0.0309751
0.577978,0.0310204
0.565678,0.0310658
0.553115,0.0311111
0.540297,0.0311565
0.527231,0.0312018
0.513927,0.0312472
0.500391,0.0312925
0.486631,0.0313379
0.472655,0.0313832
0.458472,0.0314286
0.44409,0.0314739
0.429516,0.0315193
0.41476,0.0315646
0.399828,0.03161
0.38473,0.0316553
0.369473,0.0317007
0.354067,0.031746
0.338518,0.0317914
0.322837,0.0318367
0.30703,0.0318821
0.291107,0.0319274
0.275075,0.0319728
0.258944,0.0320181
0.24272,0.0320635
0.226414,0.0321088
0.210032,0.0321542
0.193583,0.0321995
0.177076,0.0322449
0.160519,0.0322902
0.14392,0.0323356
0.127286,0.032381
0.110627,0.0324263
0.0939505,0.0324717
0.0772638,0.032517
0.0605754,0.0325624
0.0438931,0.0326077
0.0272248,0.0326531
0.0105783,0.0326984
-0.00603864,0.0327438
-0.0226185,0.0327891
-0.0391535,0.0328345
-0.0556363,0.0328798
-0.0720594,0.0329252
-0.0884154,0.0329705
-0.104697,0.0330159
-0.120897,0.0330612
-0.137009,0.0331066
-0.153025,0.0331519
-0.168938,0.0331973
-0.184742,0.0332426
-0.20043,0.033288
-0.215995,0.0333333
-0.231431,0.0333787
-0.246731,0.033424
-0.26189,0.0334694
-0.2769,0.0335147
-0.291756,0.0335601
-0.306452,0.0336054
-0.320982,0.0336508
-0.33534,0.0336961
-0.349521,0.0337415
-0.363519,0.0337868
-0.377328,0.0338322
-0.390944,0.0338776
-0.404361,0.0339229
-0.417575,0.0339683
-0.43058,0.0340136
-0.443372,0.034059
-0.455946,0.0341043
-0.468297,0.0341497
-0.480422,0.034195
-0.492315,0.0342404
-0.503973,0.0342857
-0.515392,0.0343311
-0.526568,0.0343764
-0.537498,0.0344218
-0.548177,0.0344671
-0.558602,0.0345125
-0.568771,0.0345578
-0.578679,0.0346032
-0.588323,0.0346485
-0.597702,0.0346939
-0.606812,0.0347392
-0.61565,0.0347846
-0.624214,0.0348299
-0.632502,0.0348753
-0.64051,0.0349206
-0.648239,0.034966
-0.655684,0.0350113
-0.662845,0.0350567
-0.669719,0.035102
-0.676306,0.0351474
-0.682603,0.0351927
-0.68861,0.0352381
-0.694325,0.0352834
-0.699747,0.0353288
-0.704875,0.0353741
-0.709709,0.0354195
-0.714248,0.0354649
-0.718491,0.0355102
-0.722438,0.0355556
-0.726088,0.0356009
-0.729442,0.0356463
-0.7325,0.0356916
-0.735261,0.035737
-0.737725,0.0357823
-0.739894,0.0358277
-0.741767,0.035873
-0.743345,0.0359184
-0.744629,0.0359637
-0.74562,0.0360091
-0.746318,0.0360544
-0.746724,0.0360998
-0.74684,0.0361451
-0.746667,0.0361905
-0.746206,0.0362358
-0.745458,0.0362812
-0.744426,0.0363265
-0.74311,0.0363719
-0.741513,0.0364172
-0.739636,0.0364626
-0.737482,0.0365079
-0.735052,0.0365533
-0.732349,0.0365986
-0.729374,0.036644
-0.726131,0.0366893
-0.722621,0.0367347
-0.718847,0.03678
-0.714812,0.0368254
-0.710518,0.0368707
-0.705968,0.0369161
-0.701164,0.0369615
-0.696111,0.0370068
-0.69081,0.0370522
-0.685266,0.0370975
-0.67948,0.0371429
-0.673456,0.0371882
-0.667198,0.0372336
-0.660709,0.0372789
-0.653991,0.0373243
-0.64705,0.0373696
-0.639887,0.037415
-0.632508,0.0374603
-0.624914,0.0375057
-0.617111,0.037551
-0.609102,0.0375964
-0.60089,0.0376417
-0.59248,0.0376871
-0.583876,0.0377324
-0.57508,0.0377778
-0.566099,0.0378231
-0.556934,0.0378685
-0.547591,0.0379138
-0.538074,0.0379592
-0.528386,0.0380045
-0.518533,0.0380499
-0.508517,0.0380952
-0.498344,0.0381406
-0.488018,0.0381859
-0.477542,0.0382313
-0.466922,0.0382766
-0.456162,0.038322
-0.445266,0.0383673
-0.434238,0.0384127
-0.423083,0.038458
-0.411805,0.0385034
-0.400409,0.0385488
-0.388899,0.0385941
-0.37728,0.0386395
-0.365556,0.0386848
-0.353731,0.0387302
-0.341811,0.0387755
-0.329799,0.0388209
-0.3177,0.0388662
-0.305519,0.0389116
-0.29326,0.0389569
-0.280928,0.0390023
-0.268526,0.0390476
-0.256061,0.039093
-0.243535,0.0391383
-0.230953,0.0391837
-0.218321,0.039229
-0.205642,0.0392744
-0.192921,0.0393197
-0.180162,0.0393651
-0.16737,0.0394104
-0.154548,0.0394558
-0.141703,0.0395011
-0.128836,0.0395465
-0.115954,0.0395918
-0.103061,0.0396372
-0.0901597,0.0396825
-0.0772556,0.0397279
-0.0643525,0.0397732
-0.0514548,0.0398186
-0.0385666,0.0398639
-0.025692,0.0399093
-0.0128351,0.0399546
-8.52942e-014,0.04
0.0128092,0.0400454
0.0255886,0.0400907
0.0383342,0.0401361
0.051042,0.0401814
0.0637082,0.0402268
0.0763288,0.0402721
0.0889002,0.0403175
0.101418,0.0403628
0.11388,0.0404082
0.126281,0.0404535
0.138618,0.0404989
0.150886,0.0405442
0.163084,0.0405896
0.175207,0.0406349
0.187251,0.0406803
0.199214,0.0407256
0.211092,0.040771
0.222881,0.0408163
0.234579,0.0408617
0.246181,0.040907
0.257686,0.0409524
0.269089,0.0409977
0.280388,0.0410431
0.29158,0.0410884
0.302661,0.0411338
0.31363,0.0411791
0.324482,0.0412245
0.335215,0.0412698
0.345827,0.0413152
0.356315,0.0413605
0.366676,0.0414059
0.376907,0.0414512
0.387006,0.0414966
0.396971,0.041542
0.406799,0.0415873
0.416488,0.0416327
0.426035,0.041678
0.435438,0.0417234
0.444696,0.0417687
0.453805,0.0418141
0.462765,0.0418594
0.471572,0.0419048
0.480225,0.0419501
0.488722,0.0419955
0.497062,0.0420408
0.505242,0.0420862
0.51326,0.0421315
0.521116,0.0421769
0.528807,0.0422222
0.536332,0.0422676
0.54369,0.0423129
0.550878,0.0423583
0.557897,0.0424036
0.564744,0.042449
0.571418,0.0424943
0.577918,0.0425397
0.584242,0.042585
0.590391,0.0426304
0.596363,0.0426757
0.602156,0.0427211
0.60777,0.0427664
0.613205,0.0428118
0.618458,0.0428571
0.623531,0.0429025
0.628421,0.0429478
0.633129,0.0429932
0.637654,0.0430385
0.641994,0.0430839
0.646151,0.0431293
0.650124,0.0431746
0.653911,0.04322
0.657513,0.0432653
0.66093,0.0433107
0.664162,0.043356
0.667208,0.0434014
0.670068,0.0434467
0.672743,0.0434921
0.675232,0.0435374
0.677535,0.0435828
0.679653,0.0436281
0.681586,0.0436735
0.683334,0.0437188
0.684897,0.0437642
0.686276,0.0438095
0.687471,0.0438549
0.688483,0.0439002
0.689311,0.0439456
0.689958,0.0439909
0.690422,0.0440363
0.690705,0.0440816
0.690808,0.044127
0.69073,0.0441723
0.690474,0.0442177
0.690039,0.044263
0.689427,0.0443084
0.688639,0.0443537
0.687675,0.0443991
0.686536,0.0444444
0.685224,0.0444898
0.683739,0.0445351
0.682083,0.0445805
0.680256,0.0446259
0.67826,0.0446712
0.676097,0.0447166
0.673766,0.0447619
0.671271,0.0448073
0.668611,0.0448526
0.665789,0.044898
0.662805,0.0449433
0.659661,0.0449887
0.656359,0.045034
0.6529,0.0450794
0.649286,0.0451247
0.645517,0.0451701
0.641597,0.0452154
0.637525,0.0452608
0.633305,0.0453061
0.628937,0.0453515
0.624424,0.0453968
0.619766,0.0454422
0.614966,0.0454875
0.610026,0.0455329
0.604947,0.0455782
0.599732,0.0456236
0.594381,0.0456689
0.588897,0.0457143
0.583282,0.0457596
0.577538,0.045805
0.571666,0.0458503
0.565669,0.0458957
0.559549,0.045941
0.553306,0.0459864
0.546945,0.0460317
0.540466,0.0460771
0.533872,0.0461224
0.527164,0.0461678
0.520345,0.0462132
0.513417,0.0462585
0.506382,0.0463039
0.499242,0.0463492
0.491999,0.0463946
0.484655,0.0464399
0.477213,0.0464853
0.469674,0.0465306
0.462042,0.046576
0.454317,0.0466213
0.446503,0.0466667
0.438601,0.046712
0.430613,0.0467574
0.422542,0.0468027
0.414391,0.0468481
0.40616,0.0468934
0.397854,0.0469388
0.389473,0.0469841
0.381019,0.0470295
0.372497,0.0470748
0.363906,0.0471202
0.355251,0.0471655
0.346532,0.0472109
0.337753,0.0472562
0.328915,0.0473016
0.320021,0.0473469
0.311072,0.0473923
0.302073,0.0474376
0.293023,0.047483
0.283927,0.0475283
0.274785,0.0475737
0.265601,0.047619
0.256376,0.0476644
0.247113,0.0477098
0.237814,0.0477551
0.228481,0.0478005
0.219116,0.0478458
0.209722,0.0478912
0.200301,0.0479365
0.190855,0.0479819
0.181387,0.0480272
0.171897,0.0480726
0.162389,0.0481179
0.152865,0.0481633
0.143327,0.0482086
0.133777,0.048254
0.124217,0.0482993
0.11465,0.0483447
0.105077,0.04839
0.0955004,0.0484354
0.0859225,0.0484807
0.0763454,0.0485261
0.0667711,0.0485714
0.0572016,0.0486168
0.047639,0.0486621
0.0380854,0.0487075
0.0285427,0.0487528
0.0190129,0.0487982
0.00949799,0.0488435
1.66806e-013,0.0488889
-0.00947915,0.0489342
-0.0189375,0.0489796
-0.0283732,0.0490249
-0.0377843,0.0490703
-0.0471688,0.0491156
-0.056525,0.049161
-0.065851,0.0492063
-0.0751449,0.0492517
-0.084405,0.0492971
-0.0936294,0.0493424
-0.102816,0.0493878
-0.111964,0.0494331
-0.121071,0.0494785
-0.130135,0.0495238
-0.139155,0.0495692
-0.148128,0.0496145
-0.157054,0.0496599
-0.16593,0.0497052
-0.174756,0.0497506
-0.183529,0.0497959
-0.192247,0.0498413
-0.20091,0.0498866
-0.209516,0.049932
-0.218062,0.0499773
-0.226549,0.0500227
-0.234973,0.050068
-0.243334,0.0501134
-0.251631,0.0501587
-0.259861,0.0502041
-0.268024,0.0502494
-0.276118,0.0502948
-0.284142,0.0503401
-0.292095,0.0503855
-0.299974,0.0504308
-0.307779,0.0504762
-0.315509,0.0505215
-0.323163,0.0505669
-0.330738,0.0506122
-0.338235,0.0506576
-0.345651,0.0507029
-0.352986,0.0507483
-0.360238,0.0507937
-0.367407,0.050839
-0.374492,0.0508844
-0.381491,0.0509297
-0.388403,0.0509751
-0.395227,0.0510204
-0.401963,0.0510658
-0.408609,0.0511111
-0.415165,0.0511565
-0.421629,0.0512018
-0.428001,0.0512472
-0.43428,0.0512925
-0.440464,0.0513379
-0.446554,0.0513832
-0.452548,0.0514286
-0.458446,0.0514739
-0.464247,0.0515193
-0.46995,0.0515646
-0.475554,0.05161
-0.481059,0.0516553
-0.486465,0.0517007
-0.49177,0.051746
-0.496973,0.0517914
-0.502075,0.0518367
-0.507075,0.0518821
-0.511972,0.0519274
-0.516766,0.0519728
-0.521456,0.0520181
-0.526042,0.0520635
-0.530524,0.0521088
-0.5349,0.0521542
-0.539171,0.0521995
-0.543335,0.0522449
-0.547394,0.0522902
-0.551346,0.0523356
-0.555192,0.052381
-0.55893,0.0524263
-0.562561,0.0524717
-0.566084,0.052517
-0.5695,0.0525624
-0.572807,0.0526077
-0.576006,0.0526531
-0.579097,0.0526984
-0.58208,0.0527438
-0.584953,0.0527891
-0.587718,0.0528345
-0.590375,0.0528798
-0.592922,0.0529252
-0.595361,0.0529705
-0.597691,0.0530159
-0.599912,0.0530612
-0.602024,0.0531066
-0.604027,0.0531519
-0.605922,0.0531973
-0.607708,0.0532426
-0.609386,0.053288
-0.610955,0.0533333
-0.612416,0.0533787
-0.613769,0.053424
-0.615014,0.0534694
-0.616151,0.0535147
-0.617181,0.0535601
-0.618104,0.0536054
-0.61892,0.0536508
-0.619629,0.0536961
-0.620232,0.0537415
-0.620729,0.0537868
-0.62112,0.0538322
-0.621405,0.0538776
-0.621586,0.0539229
-0.621662,0.0539683
-0.621633,0.0540136
-0.621501,0.054059
-0.621265,0.0541043
-0.620927,0.0541497
-0.620486,0.054195
-0.619942,0.0542404
-0.619298,0.0542857
-0.618552,0.0543311
-0.617706,0.0543764
-0.616759,0.0544218
-0.615714,0.0544671
-0.614569,0.0545125
-0.613326,0.0545578
-0.611985,0.0546032
-0.610547,0.0546485
-0.609013,0.0546939
-0.607383,0.0547392
-0.605657,0.0547846
-0.603837,0.0548299
-0.601923,0.0548753
-0.599916,0.0549206
-0.597816,0.054966
-0.595625,0.0550113
-0.593342,0.0550567
-0.590969,0.055102
-0.588506,0.0551474
-0.585954,0.0551927
-0.583315,0.0552381
-0.580587,0.0552834
-0.577774,0.0553288
-0.574874,0.0553741
-0.571889,0.0554195
-0.568821,0.0554649
-0.565669,0.0555102
-0.562434,0.0555556
-0.559117,0.0556009
-0.55572,0.0556463
-0.552243,0.0556916
-0.548686,0.055737
-0.545052,0.0557823
-0.541339,0.0558277
-0.537551,0.055873
-0.533687,0.0559184
-0.529748,0.0559637
-0.525735,0.0560091
-0.521649,0.0560544
-0.517492,0.0560998
-0.513263,0.0561451
-0.508965,0.0561905
-0.504597,0.0562358
-0.500161,0.0562812
-0.495658,0.0563265
-0.491088,0.0563719
-0.486453,0.0564172
-0.481754,0.0564626
-0.476992,0.0565079
-0.472167,0.0565533
-0.46728,0.0565986
-0.462334,0.056644
-0.457327,0.0566893
-0.452263,0.0567347
-0.447141,0.05678
-0.441962,0.0568254
-0.436728,0.0568707
-0.43144,0.0569161
-0.426098,0.0569615
-0.420704,0.0570068
-0.415258,0.0570522
-0.409763,0.0570975
-0.404217,0.0571429
-0.398624,0.0571882
-0.392983,0.0572336
-0.387296,0.0572789
-0.381564,0.0573243
-0.375788,0.0573696
-0.369968,0.057415
-0.364106,0.0574603
-0.358203,0.0575057
-0.352261,0.057551
-0.346279,0.0575964
-0.340259,0.0576417
-0.334202,0.0576871
-0.328109,0.0577324
-0.321982,0.0577778
-0.31582,0.0578231
-0.309626,0.0578685
-0.3034,0.0579138
-0.297143,0.0579592
-0.290856,0.0580045
-0.284541,0.0580499
-0.278198,0.0580952
-0.271828,0.0581406
-0.265433,0.0581859
-0.259013,0.0582313
-0.25257,0.0582766
-0.246104,0.058322
-0.239616,0.0583673
-0.233108,0.0584127
-0.226581,0.058458
-0.220034,0.0585034
-0.213471,0.0585488
-0.206891,0.0585941
-0.200295,0.0586395
-0.193685,0.0586848
-0.187061,0.0587302
-0.180425,0.0587755
-0.173777,0.0588209
-0.167118,0.0588662
-0.16045,0.0589116
-0.153774,0.0589569
-0.147089,0.0590023
-0.140399,0.0590476
-0.133702,0.059093
-0.127,0.0591383
-0.120295,0.0591837
-0.113587,0.059229
-0.106877,0.0592744
-0.100166,0.0593197
-0.0934545,0.0593651
-0.0867442,0.0594104
-0.0800357,0.0594558
-0.0733299,0.0595011
-0.0666277,0.0595465
-0.05993,0.0595918
-0.0532377,0.0596372
-0.0465517,0.0596825
-0.0398729,0.0597279
-0.0332021,0.0597732
-0.0265403,0.0598186
-0.0198884,0.0598639
-0.0132471,0.0599093
-0.00661736,0.0599546
-2.0691e-013,0.06
0.00660412,0.0600454
0.0131942,0.0600907
0.0197693,0.0601361
0.0263288,0.0601814
0.0328716,0.0602268
0.0393972,0.0602721
0.0459045,0.0603175
0.052393,0.0603628
0.0588616,0.0604082
0.0653098,0.0604535
0.0717366,0.0604989
0.0781414,0.0605442
0.0845233,0.0605896
0.0908817,0.0606349
0.0972157,0.0606803
0.103525,0.0607256
0.109808,0.060771
0.116064,0.0608163
0.122294,0.0608617
0.128495,0.060907
0.134668,0.0609524
0.140811,0.0609977
0.146925,0.0610431
0.153008,0.0610884
0.159059,0.0611338
0.165078,0.0611791
0.171065,0.0612245
0.177018,0.0612698
0.182937,0.0613152
0.188822,0.0613605
0.194671,0.0614059
0.200485,0.0614512
0.206262,0.0614966
0.212002,0.061542
0.217704,0.0615873
0.223369,0.0616327
0.228994,0.061678
0.23458,0.0617234
0.240126,0.0617687
0.245632,0.0618141
0.251097,0.0618594
0.25652,0.0619048
0.261901,0.0619501
0.267239,0.0619955
0.272535,0.0620408
0.277787,0.0620862
0.282995,0.0621315
0.288158,0.0621769
0.293276,0.0622222
0.298349,0.0622676
0.303376,0.0623129
0.308356,0.0623583
0.31329,0.0624036
0.318177,0.062449
0.323015,0.0624943
0.327806,0.0625397
0.332548,0.062585
0.337241,0.0626304
0.341885,0.0626757
0.34648,0.0627211
0.351024,0.0627664
0.355518,0.0628118
0.359961,0.0628571
0.364353,0.0629025
0.368694,0.0629478
0.372983,0.0629932
0.377219,0.0630385
0.381404,0.0630839
0.385535,0.0631293
0.389614,0.0631746
0.393639,0.06322
0.397611,0.0632653
0.401529,0.0633107
0.405393,0.063356
0.409203,0.0634014
0.412958,0.0634467
0.416658,0.0634921
0.420303,0.0635374
0.423892,0.0635828
0.427426,0.0636281
0.430905,0.0636735
0.434327,0.0637188
0.437694,0.0637642
0.441004,0.0638095
0.444257,0.0638549
0.447454,0.0639002
0.450594,0.0639456
0.453677,0.0639909
0.456703,0.0640363
0.459672,0.0640816
0.462584,0.064127
0.465438,0.0641723
0.468234,0.0642177
0.470973,0.064263
0.473653,0.0643084
0.476276,0.0643537
0.478841,0.0643991
0.481348,0.0644444
0.483797,0.0644898
0.486187,0.0645351
0.48852,0.0645805
0.490794,0.0646259
0.493009,0.0646712
0.495167,0.0647166
0.497265,0.0647619
0.499306,0.0648073
0.501288,0.0648526
0.503212,0.064898
0.505077,0.0649433
0.506884,0.0649887
0.508632,0.065034
0.510322,0.0650794
0.511954,0.0651247
0.513527,0.0651701
0.515042,0.0652154
0.516499,0.0652608
0.517897,0.0653061
0.519238,0.0653515
0.52052,0.0653968
0.521745,0.0654422
0.522912,0.0654875
0.52402,0.0655329
0.525072,0.0655782
0.526065,0.0656236
0.527001,0.0656689
0.52788,0.0657143
0.528701,0.0657596
0.529465,0.065805
0.530173,0.0658503
0.530823,0.0658957
0.531417,0.065941
0.531954,0.0659864
0.532434,0.0660317
0.532858,0.0660771
0.533226,0.0661224
0.533539,0.0661678
0.533795,0.0662132
0.533996,0.0662585
0.534141,0.0663039
0.534231,0.0663492
0.534267,0.0663946
0.534247,0.0664399
0.534173,0.0664853
0.534044,0.0665306
0.533861,0.066576
0.533624,0.0666213
0.533333,0.0666667
0.532989,0.066712
0.532592,0.0667574
0.532141,0.0668027
0.531638,0.0668481
0.531082,0.0668934
0.530474,0.0669388
0.529814,0.0669841
0.529101,0.0670295
0.528338,0.0670748
0.527523,0.0671202
0.526657,0.0671655
0.525741,0.0672109
0.524774,0.0672562
0.523757,0.0673016
0.52269,0.0673469
0.521574,0.0673923
0.520408,0.0674376
0.519193,0.067483
0.51793,0.0675283
0.516619,0.0675737
0.515259,0.067619
0.513852,0.0676644
0.512397,0.0677098
0.510895,0.0677551
0.509347,0.0678005
0.507752,0.0678458
0.506111,0.0678912
0.504424,0.0679365
0.502692,0.0679819
0.500915,0.0680272
0.499093,0.0680726
0.497227,0.0681179
0.495316,0.0681633
0.493362,0.0682086
0.491365,0.068254
0.489325,0.0682993
0.487242,0.0683447
0.485117,0.06839
0.48295,0.0684354
0.480742,0.0684807
0.478492,0.0685261
0.476202,0.0685714
0.473872,0.0686168
0.471501,0.0686621
0.469091,0.0687075
0.466641,0.0687528
0.464153,0.0687982
0.461626,0.0688435
0.459061,0.0688889
0.456459,0.0689342
0.453819,0.0689796
0.451142,0.0690249
0.448429,0.0690703
0.44568,0.0691156
0.442895,0.069161
0.440075,0.0692063
0.437219,0.0692517
0.43433,0.0692971
0.431406,0.0693424
0.428448,0.0693878
0.425458,0.0694331
0.422434,0.0694785
0.419378,0.0695238
0.41629,0.0695692
0.41317,0.0696145
0.410019,0.0696599
0.406837,0.0697052
0.403625,0.0697506
0.400382,0.0697959
0.397111,0.0698413
0.39381,0.0698866
0.39048,0.069932
0.387122,0.0699773
0.383736,0.0700227
0.380322,0.070068
0.376882,0.0701134
0.373415,0.0701587
0.369921,0.0702041
0.366402,0.0702494
0.362858,0.0702948
0.359288,0.0703401
0.355694,0.0703855
0.352076,0.0704308
0.348434,0.0704762
0.344769,0.0705215
0.341081,0.0705669
0.337371,0.0706122
0.333639,0.0706576
0.329885,0.0707029
0.32611,0.0707483
0.322314,0.0707937
0.318498,0.070839
0.314662,0.0708844
0.310807,0.0709297
0.306932,0.0709751
0.303039,0.0710204
0.299128,0.0710658
0.295199,0.0711111
0.291252,0.0711565
0.287289,0.0712018
0.283309,0.0712472
0.279313,0.0712925
0.275302,0.0713379
0.271275,0.0713832
0.267233,0.0714286
0.263177,0.0714739
0.259106,0.0715193
0.255023,0.0715646
0.250926,0.07161
0.246816,0.0716553
0.242694,0.0717007
0.238559,0.071746
0.234414,0.0717914
0.230257,0.0718367
0.226089,0.0718821
0.221911,0.0719274
0.217724,0.0719728
0.213526,0.0720181
0.20932,0.0720635
0.205105,0.0721088
0.200881,0.0721542
0.19665,0.0721995
0.192411,0.0722449
0.188165,0.0722902
0.183912,0.0723356
0.179653,0.072381
0.175387,0.0724263
0.171117,0.0724717
0.166841,0.072517
0.16256,0.0725624
0.158275,0.0726077
0.153986,0.0726531
0.149693,0.0726984
0.145398,0.0727438
0.141099,0.0727891
0.136797,0.0728345
0.132494,0.0728798
0.128189,0.0729252
0.123882,0.0729705
0.119575,0.0730159
0.115267,0.0730612
0.110958,0.0731066
0.10665,0.0731519
0.102342,0.0731973
0.098035,0.0732426
0.0937291,0.073288
0.0894248,0.0733333
0.0851223,0.0733787
0.0808221,0.073424
0.0765245,0.0734694
0.0722299,0.0735147
0.0679385,0.0735601
0.0636508,0.0736054
0.0593671,0.0736508
0.0550877,0.0736961
0.0508129,0.0737415
0.0465432,0.0737868
0.0422788,0.0738322
0.03802,0.0738776
0.0337673,0.0739229
0.0295209,0.0739683
0.0252811,0.0740136
0.0210483,0.074059
0.0168228,0.0741043
0.0126049,0.0741497
0.0083949,0.074195
0.00419317,0.0742404
2.07106e-013,0.0742857
-0.00418431,0.0743311
-0.00835944,0.0743764
-0.0125251,0.0744218
-0.016681,0.0744671
-0.0208268,0.0745125
-0.0249622,0.0745578
-0.0290869,0.0746032
-0.0332007,0.0746485
-0.0373032,0.0746939
-0.0413942,0.0747392
-0.0454734,0.0747846
-0.0495404,0.0748299
-0.0535951,0.0748753
-0.057637,0.0749206
-0.0616661,0.074966
-0.0656819,0.0750113
-0.0696842,0.0750567
-0.0736727,0.075102
-0.0776472,0.0751474
-0.0816075,0.0751927
-0.0855532,0.0752381
-0.0894841,0.0752834
-0.0933999,0.0753288
-0.0973004,0.0753741
-0.101185,0.0754195
-0.105054,0.0754649
-0.108908,0.0755102
-0.112744,0.0755556
-0.116564,0.0756009
-0.120368,0.0756463
-0.124154,0.0756916
-0.127924,0.075737
-0.131675,0.0757823
-0.135409,0.0758277
-0.139125,0.075873
-0.142823,0.0759184
-0.146503,0.0759637
-0.150164,0.0760091
-0.153806,0.0760544
-0.157429,0.0760998
-0.161033,0.0761451
-0.164618,0.0761905
-0.168183,0.0762358
-0.171728,0.0762812
-0.175253,0.0763265
-0.178757,0.0763719
-0.182242,0.0764172
-0.185706,0.0764626
-0.189149,0.0765079
-0.192571,0.0765533
-0.195972,0.0765986
-0.199351,0.076644
-0.202709,0.0766893
-0.206045,0.0767347
-0.20936,0.07678
-0.212652,0.0768254
-0.215923,0.0768707
-0.21917,0.0769161
-0.222396,0.0769615
-0.225598,0.0770068
-0.228778,0.0770522
-0.231935,0.0770975
-0.235069,0.0771429
-0.238179,0.0771882
-0.241266,0.0772336
-0.244329,0.0772789
-0.247369,0.0773243
-0.250385,0.0773696
-0.253376,0.077415
-0.256344,0.0774603
-0.259287,0.0775057
-0.262206,0.077551
-0.265101,0.0775964
-0.267971,0.0776417
-0.270816,0.0776871
-0.273636,0.0777324
-0.276431,0.0777778
-0.279201,0.0778231
-0.281946,0.0778685
-0.284666,0.0779138
-0.28736,0.0779592
-0.290029,0.0780045
-0.292672,0.0780499
-0.295289,0.0780952
-0.29788,0.0781406
-0.300446,0.0781859
-0.302985,0.0782313
-0.305499,0.0782766
-0.307986,0.078322
-0.310447,0.0783673
-0.312882,0.0784127
-0.31529,0.078458
-0.317672,0.0785034
-0.320027,0.0785488
-0.322356,0.0785941
-0.324658,0.0786395
-0.326933,0.0786848
-0.329181,0.0787302
-0.331402,0.0787755
-0.333597,0.0788209
-0.335764,0.0788662
-0.337904,0.0789116
-0.340018,0.0789569
-0.342104,0.0790023
-0.344163,0.0790476
-0.346194,0.079093
-0.348198,0.0791383
-0.350175,0.0791837
-0.352125,0.079229
-0.354047,0.0792744
-0.355942,0.0793197
-0.357809,0.0793651
-0.359649,0.0794104
-0.361461,0.0794558
-0.363245,0.0795011
-0.365002,0.0795465
-0.366732,0.0795918
-0.368433,0.0796372
-0.370108,0.0796825
-0.371754,0.0797279
-0.373373,0.0797732
-0.374964,0.0798186
-0.376527,0.0798639
-0.378063,0.0799093
-0.379571,0.0799546
-0.381051,0.08
-0.382504,0.0800454
-0.383929,0.0800907
-0.385326,0.0801361
-0.386695,0.0801814
-0.388037,0.0802268
-0.389351,0.0802721
-0.390638,0.0803175
-0.391897,0.0803628
-0.393128,0.0804082
-0.394331,0.0804535
-0.395507,0.0804989
-0.396656,0.0805442
-0.397777,0.0805896
-0.39887,0.0806349
-0.399936,0.0806803
-0.400974,0.0807256
-0.401985,0.080771
-0.402969,0.0808163
-0.403925,0.0808617
-0.404854,0.080907
-0.405756,0.0809524
-0.40663,0.0809977
-0.407477,0.0810431
-0.408297,0.0810884
-0.40909,0.0811338
-0.409855,0.0811791
-0.410594,0.0812245
-0.411306,0.0812698
-0.411991,0.0813152
-0.412648,0.0813605
-0.41328,0.0814059
-0.413884,0.0814512
-0.414461,0.0814966
-0.415012,0.081542
-0.415537,0.0815873
-0.416035,0.0816327
-0.416506,0.081678
-0.416951,0.0817234
-0.41737,0.0817687
-0.417762,0.0818141
-0.418128,0.0818594
-0.418468,0.0819048
-0.418782,0.0819501
-0.419071,0.0819955
-0.419333,0.0820408
-0.419569,0.0820862
-0.41978,0.0821315
-0.419965,0.0821769
-0.420124,0.0822222
-0.420258,0.0822676
-0.420367,0.0823129
-0.42045,0.0823583
-0.420508,0.0824036
-0.420541,0.082449
-0.420548,0.0824943
-0.420531,0.0825397
-0.420489,0.082585
-0.420422,0.0826304
-0.420331,0.0826757
-0.420215,0.0827211
-0.420074,0.0827664
-0.419909,0.0828118
-0.41972,0.0828571
-0.419506,0.0829025
-0.419269,0.0829478
-0.419007,0.0829932
-0.418722,0.0830385
-0.418412,0.0830839
-0.418079,0.0831293
-0.417723,0.0831746
-0.417343,0.08322
-0.41694,0.0832653
-0.416513,0.0833107
-0.416064,0.083356
-0.415591,0.0834014
-0.415095,0.0834467
-0.414577,0.0834921
-0.414036,0.0835374
-0.413472,0.0835828
-0.412886,0.0836281
-0.412278,0.0836735
-0.411647,0.0837188
-0.410994,0.0837642
-0.41032,0.0838095
-0.409623,0.0838549
-0.408905,0.0839002
-0.408165,0.0839456
-0.407404,0.0839909
-0.406621,0.0840363
-0.405817,0.0840816
-0.404992,0.084127
-0.404146,0.0841723
-0.403279,0.0842177
-0.402392,0.084263
-0.401484,0.0843084
-0.400555,0.0843537
-0.399606,0.0843991
-0.398637,0.0844444
-0.397648,0.0844898
-0.396639,0.0845351
-0.39561,0.0845805
-0.394561,0.0846259
-0.393493,0.0846712
-0.392406,0.0847166
-0.391299,0.0847619
-0.390173,0.0848073
-0.389028,0.0848526
-0.387865,0.084898
-0.386682,0.0849433
-0.385481,0.0849887
-0.384262,0.085034
-0.383024,0.0850794
-0.381768,0.0851247
-0.380494,0.0851701
-0.379202,0.0852154
-0.377893,0.0852608
-0.376565,0.0853061
-0.375221,0.0853515
-0.373859,0.0853968
-0.37248,0.0854422
-0.371084,0.0854875
-0.369671,0.0855329
-0.368241,0.0855782
-0.366795,0.0856236
-0.365332,0.0856689
-0.363853,0.0857143
-0.362358,0.0857596
-0.360846,0.085805
-0.359319,0.0858503
-0.357776,0.0858957
-0.356218,0.085941
-0.354644,0.0859864
-0.353055,0.0860317
-0.351451,0.0860771
-0.349832,0.0861224
-0.348197,0.0861678
-0.346549,0.0862132
-0.344885,0.0862585
-0.343208,0.0863039
-0.341516,0.0863492
-0.33981,0.0863946
-0.33809,0.0864399
-0.336356,0.0864853
-0.334608,0.0865306
-0.332847,0.086576
-0.331073,0.0866213
-0.329285,0.0866667
-0.327485,0.086712
-0.325671,0.0867574
-0.323845,0.0868027
-0.322006,0.0868481
-0.320155,0.0868934
-0.318291,0.0869388
-0.316416,0.0869841
-0.314528,0.0870295
-0.312628,0.0870748
-0.310717,0.0871202
-0.308794,0.0871655
-0.306859,0.0872109
-0.304914,0.0872562
-0.302957,0.0873016
-0.300989,0.0873469
-0.299011,0.0873923
-0.297022,0.0874376
-0.295022,0.087483
-0.293012,0.0875283
-0.290992,0.0875737
-0.288961,0.087619
-0.286921,0.0876644
-0.284871,0.0877098
-0.282811,0.0877551
-0.280742,0.0878005
-0.278664,0.0878458
-0.276576,0.0878912
-0.274479,0.0879365
-0.272374,0.0879819
-0.270259,0.0880272
-0.268136,0.0880726
-0.266005,0.0881179
-0.263865,0.0881633
-0.261718,0.0882086
-0.259562,0.088254
-0.257398,0.0882993
-0.255227,0.0883447
-0.253048,0.08839
-0.250861,0.0884354
-0.248668,0.0884807
-0.246467,0.0885261
-0.244259,0.0885714
-0.242045,0.0886168
-0.239823,0.0886621
-0.237596,0.0887075
-0.235361,0.0887528
-0.233121,0.0887982
-0.230874,0.0888435
-0.228621,0.0888889
-0.226363,0.0889342
-0.224099,0.0889796
-0.221829,0.0890249
-0.219554,0.0890703
-0.217273,0.0891156
-0.214988,0.089161
-0.212697,0.0892063
-0.210402,0.0892517
-0.208101,0.0892971
-0.205797,0.0893424
-0.203488,0.0893878
-0.201174,0.0894331
-0.198856,0.0894785
-0.196535,0.0895238
-0.194209,0.0895692
-0.19188,0.0896145
-0.189547,0.0896599
-0.18721,0.0897052
-0.18487,0.0897506
-0.182527,0.0897959
-0.180181,0.0898413
-0.177832,0.0898866
-0.17548,0.089932
-0.173126,0.0899773
-0.170769,0.0900227
-0.168409,0.090068
-0.166047,0.0901134
-0.163683,0.0901587
-0.161317,0.0902041
-0.158949,0.0902494
-0.15658,0.0902948
-0.154208,0.0903401
-0.151835,0.0903855
-0.149461,0.0904308
-0.147086,0.0904762
-0.144709,0.0905215
-0.142331,0.0905669
-0.139953,0.0906122
-0.137573,0.0906576
-0.135194,0.0907029
-0.132813,0.0907483
-0.130432,0.0907937
-0.128051,0.090839
-0.12567,0.0908844
-0.123289,0.0909297
-0.120907,0.0909751
-0.118526,0.0910204
-0.116146,0.0910658
-0.113766,0.0911111
-0.111386,0.0911565
-0.109007,0.0912018
-0.106629,0.0912472
-0.104252,0.0912925
-0.101876,0.0913379
-0.0995006,0.0913832
-0.0971268,0.0914286
-0.0947545,0.0914739
-0.0923836,0.0915193
-0.0900144,0.0915646
-0.0876469,0.09161
-0.0852812,0.0916553
-0.0829175,0.0917007
-0.0805558,0.091746
-0.0781963,0.0917914
-0.075839,0.0918367
-0.0734842,0.0918821
-0.0711318,0.0919274
-0.068782,0.0919728
-0.0664349,0.0920181
-0.0640907,0.0920635
-0.0617493,0.0921088
-0.059411,0.0921542
-0.0570758,0.0921995
-0.0547438,0.0922449
-0.0524151,0.0922902
-0.0500899,0.0923356
-0.0477682,0.092381
-0.0454502,0.0924263
-0.0431358,0.0924717
-0.0408253,0.092517
-0.0385187,0.0925624
-0.0362162,0.0926077
-0.0339177,0.0926531
-0.0316235,0.0926984
-0.0293336,0.0927438
-0.0270482,0.0927891
-0.0247672,0.0928345
-0.0224908,0.0928798
-0.0202191,0.0929252
-0.0179522,0.0929705
-0.0156902,0.0930159
-0.0134331,0.0930612
-0.0111811,0.0931066
-0.00893423,0.0931519
-0.0066926,0.0931973
-0.0044563,0.0932426
-0.0022254,0.093288
-1.60703e-013,0.0933333
0.00221982,0.0933787
0.00443397,0.093424
0.00664236,0.0934694
0.00884493,0.0935147
0.0110416,0.0935601
0.0132322,0.0936054
0.0154168,0.0936508
0.0175951,0.0936961
0.0197673,0.0937415
0.0219331,0.0937868
0.0240925,0.0938322
0.0262455,0.0938776
0.0283918,0.0939229
0.0305316,0.0939683
0.0326646,0.0940136
0.0347908,0.094059
0.0369102,0.0941043
0.0390226,0.0941497
0.041128,0.094195
0.0432264,0.0942404
0.0453176,0.0942857
0.0474015,0.0943311
0.0494782,0.0943764
0.0515475,0.0944218
0.0536093,0.0944671
0.0556637,0.0945125
0.0577105,0.0945578
0.0597496,0.0946032
0.061781,0.0946485
0.0638047,0.0946939
0.0658205,0.0947392
0.0678285,0.0947846
0.0698284,0.0948299
0.0718204,0.0948753
0.0738042,0.0949206
0.0757799,0.094966
0.0777474,0.0950113
0.0797066,0.0950567
0.0816575,0.095102
0.0836,0.0951474
0.0855341,0.0951927
0.0874597,0.0952381
0.0893766,0.0952834
0.091285,0.0953288
0.0931847,0.0953741
0.0950757,0.0954195
0.0969579,0.0954649
0.0988313,0.0955102
0.100696,0.0955556
0.102551,0.0956009
0.104398,0.0956463
0.106235,0.0956916
0.108064,0.095737
0.109883,0.0957823
0.111693,0.0958277
0.113494,0.095873
0.115286,0.0959184
0.117068,0.0959637
0.118841,0.0960091
0.120605,0.0960544
0.122359,0.0960998
0.124103,0.0961451
0.125838,0.0961905
0.127564,0.0962358
0.129279,0.0962812
0.130986,0.0963265
0.132682,0.0963719
0.134369,0.0964172
0.136046,0.0964626
0.137713,0.0965079
0.13937,0.0965533
0.141017,0.0965986
0.142654,0.096644
0.144282,0.0966893
0.145899,0.0967347
0.147507,0.09678
0.149104,0.0968254
0.150691,0.0968707
0.152268,0.0969161
0.153835,0.0969615
0.155392,0.0970068
0.156938,0.0970522
0.158474,0.0970975
0.16,0.0971429
0.161516,0.0971882
0.163021,0.0972336
0.164516,0.0972789
0.166,0.0973243
0.167474,0.0973696
0.168938,0.097415
0.170391,0.0974603
0.171833,0.0975057
0.173265,0.097551
0.174687,0.0975964
0.176098,0.0976417
0.177498,0.0976871
0.178888,0.0977324
0.180267,0.0977778
0.181635,0.0978231
0.182993,0.0978685
0.18434,0.0979138
0.185677,0.0979592
0.187002,0.0980045
0.188317,0.0980499
0.189621,0.0980952
0.190915,0.0981406
0.192197,0.0981859
0.193469,0.0982313
0.19473,0.0982766
0.19598,0.098322
0.197219,0.0983673
0.198448,0.0984127
0.199665,0.098458
0.200872,0.0985034
0.202068,0.0985488
0.203253,0.0985941
0.204427,0.0986395
0.20559,0.0986848
0.206742,0.0987302
0.207883,0.0987755
0.209014,0.0988209
0.210133,0.0988662
0.211241,0.0989116
0.212339,0.0989569
0.213425,0.0990023
0.214501,0.0990476
0.215565,0.099093
0.216619,0.0991383
0.217661,0.0991837
0.218693,0.099229
0.219713,0.0992744
0.220723,0.0993197
0.221722,0.0993651
0.222709,0.0994104
0.223686,0.0994558
0.224651,0.0995011
0.225606,0.0995465
0.22655,0.0995918
0.227483,0.0996372
0.228404,0.0996825
0.229315,0.0997279
0.230215,0.0997732
0.231104,0.0998186
0.231982,0.0998639
0.232848,0.0999093
0.233704,0.0999546
0.234549,0.1
0.235384,0.100045
0.236207,0.100091
0.237019,0.100136
0.23782,0.100181
0.238611,0.100227
0.23939,0.100272
0.240159,0.100317
0.240916,0.100363
0.241663,0.100408
0.242399,0.100454
0.243124,0.100499
0.243839,0.100544
0.244542,0.10059
0.245235,0.100635
0.245917,0.10068
0.246588,0.100726
0.247248,0.100771
0.247898,0.100816
0.248536,0.100862
0.249165,0.100907
0.249782,0.100952
0.250389,0.100998
0.250985,0.101043
0.25157,0.101088
0.252144,0.101134
0.252709,0.101179
0.253262,0.101224
0.253805,0.10127
0.254337,0.101315
0.254859,0.101361
0.25537,0.101406
0.25587,0.101451
0.256361,0.101497
0.25684,0.101542
0.257309,0.101587
0.257768,0.101633
0.258217,0.101678
0.258654,0.101723
0.259082,0.101769
0.259499,0.101814
0.259906,0.101859
0.260303,0.101905
0.260689,0.10195
0.261065,0.101995
0.261431,0.102041
0.261787,0.102086
0.262132,0.102132
0.262467,0.102177
0.262792,0.102222
0.263107,0.102268
0.263412,0.102313
0.263707,0.102358
0.263992,0.102404
0.264267,0.102449
0.264532,0.102494
0.264787,0.10254
0.265032,0.102585
0.265267,0.10263
0.265493,0.102676
0.265708,0.102721
0.265914,0.102766
0.26611,0.102812
0.266296,0.102857
0.266472,0.102902
0.266639,0.102948
0.266796,0.102993
0.266944,0.103039
0.267082,0.103084
0.26721,0.103129
0.267329,0.103175
0.267438,0.10322
0.267538,0.103265
0.267629,0.103311
0.26771,0.103356
0.267782,0.103401
0.267844,0.103447
0.267897,0.103492
0.267941,0.103537
0.267976,0.103583
0.268001,0.103628
0.268017,0.103673
0.268025,0.103719
0.268023,0.103764
0.268012,0.10381
0.267992,0.103855
0.267963,0.1039
0.267925,0.103946
0.267878,0.103991
0.267822,0.104036
0.267758,0.104082
0.267685,0.104127
0.267603,0.104172
0.267512,0.104218
0.267412,0.104263
0.267304,0.104308
0.267188,0.104354
0.267062,0.104399
0.266928,0.104444
0.266786,0.10449
0.266635,0.104535
0.266476,0.10458
0.266308,0.104626
0.266133,0.104671
0.265948,0.104717
0.265756,0.104762
0.265555,0.104807
0.265346,0.104853
0.265129,0.104898
0.264904,0.104943
0.264671,0.104989
0.26443,0.105034
0.26418,0.105079
0.263923,0.105125
0.263658,0.10517
0.263385,0.105215
0.263105,0.105261
0.262816,0.105306
0.26252,0.105351
0.262216,0.105397
0.261904,0.105442
0.261585,0.105488
0.261259,0.105533
0.260924,0.105578
0.260582,0.105624
0.260233,0.105669
0.259877,0.105714
0.259513,0.10576
0.259141,0.105805
0.258763,0.10585
0.258377,0.105896
0.257984,0.105941
0.257584,0.105986
0.257177,0.106032
0.256763,0.106077
0.256341,0.106122
0.255913,0.106168
0.255478,0.106213
0.255036,0.106259
0.254587,0.106304
0.254131,0.106349
0.253669,0.106395
0.2532,0.10644
0.252724,0.106485
0.252241,0.106531
0.251752,0.106576
0.251257,0.106621
0.250755,0.106667
0.250246,0.106712
0.249731,0.106757
0.24921,0.106803
0.248683,0.106848
0.248149,0.106893
0.247609,0.106939
0.247063,0.106984
0.24651,0.107029
0.245952,0.107075
0.245387,0.10712
0.244817,0.107166
0.244241,0.107211
0.243658,0.107256
0.24307,0.107302
0.242476,0.107347
0.241876,0.107392
0.241271,0.107438
0.24066,0.107483
0.240043,0.107528
0.23942,0.107574
0.238792,0.107619
0.238159,0.107664
0.23752,0.10771
0.236876,0.107755
0.236226,0.1078
0.235571,0.107846
0.234911,0.107891
0.234245,0.107937
0.233574,0.107982
0.232899,0.108027
0.232218,0.108073
0.231532,0.108118
0.230841,0.108163
0.230145,0.108209
0.229444,0.108254
0.228738,0.108299
0.228027,0.108345
0.227312,0.10839
0.226592,0.108435
0.225867,0.108481
0.225138,0.108526
0.224404,0.108571
0.223665,0.108617
0.222922,0.108662
0.222175,0.108707
0.221423,0.108753
0.220666,0.108798
0.219906,0.108844
0.219141,0.108889
0.218372,0.108934
0.217598,0.10898
0.216821,0.109025
0.216039,0.10907
0.215254,0.109116
0.214464,0.109161
0.21367,0.109206
0.212873,0.109252
0.212071,0.109297
0.211266,0.109342
0.210457,0.109388
0.209644,0.109433
0.208828,0.109478
0.208007,0.109524
0.207184,0.109569
0.206356,0.109615
0.205525,0.10966
0.204691,0.109705
0.203853,0.109751
0.203012,0.109796
0.202167,0.109841
0.20132,0.109887
0.200469,0.109932
0.199614,0.109977
0.198757,0.110023
0.197896,0.110068
0.197032,0.110113
0.196166,0.110159
0.195296,0.110204
0.194423,0.110249
0.193548,0.110295
0.192669,0.11034
0.191788,0.110385
0.190904,0.110431
0.190017,0.110476
0.189127,0.110522
0.188235,0.110567
0.18734,0.110612
0.186443,0.110658
0.185543,0.110703
0.184641,0.110748
0.183736,0.110794
0.182829,0.110839
0.181919,0.110884
0.181007,0.11093
0.180093,0.110975
0.179177,0.11102
0.178258,0.111066
0.177337,0.111111
0.176414,0.111156
0.175489,0.111202
0.174562,0.111247
0.173634,0.111293
0.172703,0.111338
0.17177,0.111383
0.170835,0.111429
0.169899,0.111474
0.168961,0.111519
0.168021,0.111565
0.167079,0.11161
0.166136,0.111655
0.165191,0.111701
0.164244,0.111746
0.163296,0.111791
0.162347,0.111837
0.161396,0.111882
0.160443,0.111927
0.159489,0.111973
0.158534,0.112018
0.157578,0.112063
0.15662,0.112109
0.155661,0.112154
0.154701,0.1122
0.15374,0.112245
0.152777,0.11229
0.151814,0.112336
0.150849,0.112381
0.149884,0.112426
0.148918,0.112472
0.14795,0.112517
0.146982,0.112562
0.146013,0.112608
0.145043,0.112653
0.144073,0.112698
0.143101,0.112744
0.142129,0.112789
0.141157,0.112834
0.140183,0.11288
0.13921,0.112925
0.138235,0.112971
0.13726,0.113016
0.136285,0.113061
0.135309,0.113107
0.134333,0.113152
0.133356,0.113197
0.132379,0.113243
0.131402,0.113288
0.130425,0.113333
0.129447,0.113379
0.128469,0.113424
0.127491,0.113469
0.126513,0.113515
0.125535,0.11356
0.124557,0.113605
0.123579,0.113651
0.122601,0.113696
0.121622,0.113741
0.120644,0.113787
0.119666,0.113832
0.118689,0.113878
0.117711,0.113923
0.116734,0.113968
0.115757,0.114014
0.11478,0.114059
0.113804,0.114104
0.112828,0.11415
0.111852,0.114195
0.110877,0.11424
0.109902,0.114286
0.108927,0.114331
0.107954,0.114376
0.10698,0.114422
0.106008,0.114467
0.105036,0.114512
0.104064,0.114558
0.103094,0.114603
0.102124,0.114649
0.101155,0.114694
0.100186,0.114739
0.0992184,0.114785
0.0982515,0.11483
0.0972856,0.114875
0.0963205,0.114921
0.0953564,0.114966
0.0943932,0.115011
0.093431,0.115057
0.0924698,0.115102
0.0915096,0.115147
0.0905506,0.115193
0.0895926,0.115238
0.0886357,0.115283
0.0876801,0.115329
0.0867256,0.115374
0.0857723,0.11542
0.0848202,0.115465
0.0838695,0.11551
0.08292,0.115556
0.0819719,0.115601
0.0810251,0.115646
0.0800797,0.115692
0.0791357,0.115737
0.0781931,0.115782
0.077252,0.115828
0.0763124,0.115873
0.0753744,0.115918
0.0744378,0.115964
0.0735029,0.116009
0.0725695,0.116054
0.0716377,0.1161
0.0707076,0.116145
0.0697792,0.11619
0.0688525,0.116236
0.0679274,0.116281
0.0670042,0.116327
0.0660827,0.116372
0.065163,0.116417
0.0642451,0.116463
0.0633291,0.116508
0.0624149,0.116553
0.0615027,0.116599
0.0605923,0.116644
0.0596839,0.116689
0.0587775,0.116735
0.0578731,0.11678
0.0569706,0.116825
0.0560702,0.116871
0.0551719,0.116916
0.0542756,0.116961
0.0533815,0.117007
0.0524895,0.117052
0.0515996,0.117098
0.0507119,0.117143
0.0498263,0.117188
0.048943,0.117234
0.048062,0.117279
0.0471831,0.117324
0.0463066,0.11737
0.0454324,0.117415
0.0445605,0.11746
0.0436909,0.117506
0.0428236,0.117551
0.0419588,0.117596
0.0410964,0.117642
0.0402363,0.117687
0.0393788,0.117732
0.0385237,0.117778
0.037671,0.117823
0.0368209,0.117868
0.0359732,0.117914
0.0351282,0.117959
0.0342856,0.118005
0.0334457,0.11805
0.0326083,0.118095
0.0317736,0.118141
0.0309414,0.118186
0.030112,0.118231
0.0292851,0.118277
0.028461,0.118322
0.0276396,0.118367
0.0268209,0.118413
0.0260049,0.118458
0.0251917,0.118503
0.0243812,0.118549
0.0235735,0.118594
0.0227687,0.118639
0.0219666,0.118685
0.0211674,0.11873
0.020371,0.118776
0.0195775,0.118821
0.0187869,0.118866
0.0179992,0.118912
0.0172143,0.118957
0.0164325,0.119002
0.0156535,0.119048
0.0148775,0.119093
0.0141045,0.119138
0.0133345,0.119184
0.0125674,0.119229
0.0118034,0.119274
0.0110424,0.11932
0.0102845,0.119365
0.00952958,0.11941
0.00877775,0.119456
0.00802901,0.119501
0.00728337,0.119546
0.00654083,0.119592
0.00580142,0.119637
0.00506514,0.119683
0.00433201,0.119728
0.00360204,0.119773
0.00287524,0.119819
0.00215162,0.119864
0.0014312,0.119909
0.000713993,0.119955
7.58957e-014,0.12
-0.000710762,0.120045
-0.00141828,0.120091
-0.00212255,0.120136
-0.00282355,0.120181
-0.00352128,0.120227
-0.00421572,0.120272
-0.00490687,0.120317
-0.00559471,0.120363
-0.00627923,0.120408
-0.00696042,0.120454
-0.00763828,0.120499
-0.0083128,0.120544
-0.00898395,0.12059
-0.00965174,0.120635
-0.0103162,0.12068
-0.0109772,0.120726
-0.0116348,0.120771
-0.0122891,0.120816
-0.0129399,0.120862
-0.0135873,0.120907
-0.0142313,0.120952
-0.0148718,0.120998
-0.0155089,0.121043
-0.0161426,0.121088
-0.0167728,0.121134
-0.0173995,0.121179
-0.0180228,0.121224
-0.0186425,0.12127
-0.0192588,0.121315
-0.0198716,0.121361
-0.0204809,0.121406
-0.0210866,0.121451
-0.0216889,0.121497
-0.0222876,0.121542
-0.0228828,0.121587
-0.0234745,0.121633
-0.0240626,0.121678
-0.0246472,0.121723
-0.0252282,0.121769
-0.0258057,0.121814
-0.0263796,0.121859
-0.0269499,0.121905
-0.0275167,0.12195
-0.0280799,0.121995
-0.0286395,0.122041
-0.0291955,0.122086
-0.0297479,0.122132
-0.0302967,0.122177
-0.0308419,0.122222
-0.0313835,0.122268
-0.0319215,0.122313
-0.0324559,0.122358
-0.0329866,0.122404
-0.0335138,0.122449
-0.0340373,0.122494
-0.0345572,0.12254
-0.0350734,0.122585
-0.035586,0.12263
-0.036095,0.122676
-0.0366004,0.122721
-0.037102,0.122766
-0.0376001,0.122812
-0.0380945,0.122857
-0.0385852,0.122902
-0.0390723,0.122948
-0.0395557,0.122993
-0.0400355,0.123039
-0.0405116,0.123084
-0.0409841,0.123129
-0.0414529,0.123175
-0.041918,0.12322
-0.0423795,0.123265
-0.0428373,0.123311
-0.0432914,0.123356
-0.0437419,0.123401
-0.0441886,0.123447
-0.0446318,0.123492
-0.0450712,0.123537
-0.045507,0.123583
-0.0459391,0.123628
-0.0463675,0.123673
-0.0467923,0.123719
-0.0472134,0.123764
-0.0476308,0.12381
-0.0480445,0.123855
-0.0484546,0.1239
-0.048861,0.123946
-0.0492637,0.123991
-0.0496628,0.124036
-0.0500582,0.124082
-0.0504499,0.124127
-0.050838,0.124172
-0.0512224,0.124218
-0.0516031,0.124263
-0.0519802,0.124308
-0.0523536,0.124354
-0.0527234,0.124399
-0.0530895,0.124444
-0.0534519,0.12449
-0.0538107,0.124535
-0.0541659,0.12458
-0.0545174,0.124626
-0.0548652,0.124671
-0.0552094,0.124717
-0.05555,0.124762
-0.0558869,0.124807
-0.0562202,0.124853
-0.0565499,0.124898
-0.0568759,0.124943
-0.0571983,0.124989
-0.0575171,0.125034
-0.0578322,0.125079
-0.0581438,0.125125
-0.0584517,0.12517
-0.058756,0.125215
-0.0590567,0.125261
-0.0593538,0.125306
-0.0596473,0.125351
-0.0599373,0.125397
-0.0602236,0.125442
-0.0605063,0.125488
-0.0607855,0.125533
-0.0610611,0.125578
-0.0613331,0.125624
-0.0616016,0.125669
-0.0618665,0.125714
-0.0621278,0.12576
-0.0623856,0.125805
-0.0626398,0.12585
-0.0628905,0.125896
-0.0631376,0.125941
-0.0633813,0.125986
-0.0636214,0.126032
-0.0638579,0.126077
-0.064091,0.126122
-0.0643205,0.126168
-0.0645466,0.126213
-0.0647691,0.126259
-0.0649882,0.126304
-0.0652038,0.126349
-0.0654158,0.126395
-0.0656245,0.12644
-0.0658296,0.126485
-0.0660313,0.126531
-0.0662295,0.126576
-0.0664243,0.126621
-0.0666157,0.126667
-0.0668036,0.126712
-0.0669881,0.126757
-0.0671691,0.126803
-0.0673468,0.126848
-0.067521,0.126893
-0.0676919,0.126939
-0.0678593,0.126984
-0.0680234,0.127029
-0.0681841,0.127075
-0.0683414,0.12712
-0.0684954,0.127166
-0.068646,0.127211
-0.0687932,0.127256
-0.0689372,0.127302
-0.0690778,0.127347
-0.069215,0.127392
-0.069349,0.127438
-0.0694796,0.127483
-0.069607,0.127528
-0.069731,0.127574
-0.0698518,0.127619
-0.0699693,0.127664
-0.0700836,0.12771
-0.0701945,0.127755
-0.0703023,0.1278
-0.0704068,0.127846
-0.070508,0.127891
-0.0706061,0.127937
-0.0707009,0.127982
-0.0707926,0.128027
-0.070881,0.128073
-0.0709663,0.128118
-0.0710483,0.128163
-0.0711272,0.128209
-0.071203,0.128254
-0.0712756,0.128299
-0.0713451,0.128345
-0.0714114,0.12839
-0.0714746,0.128435
-0.0715347,0.128481
-0.0715918,0.128526
-0.0716457,0.128571
-0.0716965,0.128617
-0.0717443,0.128662
-0.071789,0.128707
-0.0718307,0.128753
-0.0718693,0.128798
-0.0719049,0.128844
-0.0719374,0.128889
-0.071967,0.128934
-0.0719936,0.12898
-0.0720172,0.129025
-0.0720378,0.12907
-0.0720554,0.129116
-0.0720701,0.129161
-0.0720818,0.129206
-0.0720906,0.129252
-0.0720964,0.129297
-0.0720994,0.129342
-0.0720994,0.129388
-0.0720966,0.129433
-0.0720909,0.129478
-0.0720823,0.129524
-0.0720708,0.129569
-0.0720565,0.129615
-0.0720394,0.12966
-0.0720194,0.129705
-0.0719966,0.129751
-0.0719711,0.129796
-0.0719427,0.129841
-0.0719115,0.129887
-0.0718776,0.129932
-0.0718409,0.129977
-0.0718015,0.130023
-0.0717593,0.130068
-0.0717144,0.130113
-0.0716668,0.130159
-0.0716165,0.130204
-0.0715636,0.130249
-0.0715079,0.130295
-0.0714496,0.13034
-0.0713886,0.130385
-0.071325,0.130431
-0.0712587,0.130476
-0.0711899,0.130522
-0.0711184,0.130567
-0.0710443,0.130612
-0.0709677,0.130658
-0.0708885,0.130703
-0.0708067,0.130748
-0.0707224,0.130794
-0.0706356,0.130839
-0.0705462,0.130884
-0.0704544,0.13093
-0.07036,0.130975
-0.0702632,0.13102
-0.0701639,0.131066
-0.0700621,0.131111
-0.0699579,0.131156
-0.0698513,0.131202
-0.0697422,0.131247
-0.0696307,0.131293
-0.0695169,0.131338
-0.0694006,0.131383
-0.069282,0.131429
-0.0691611,0.131474
-0.0690378,0.131519
-0.0689121,0.131565
-0.0687842,0.13161
-0.0686539,0.131655
-0.0685214,0.131701
-0.0683865,0.131746
-0.0682494,0.131791
-0.0681101,0.131837
-0.0679685,0.131882
-0.0678247,0.131927
-0.0676787,0.131973
-0.0675305,0.132018
-0.06738,0.132063
-0.0672275,0.132109
-0.0670727,0.132154
-0.0669158,0.1322
-0.0667568,0.132245
-0.0665956,0.13229
-0.0664324,0.132336
-0.066267,0.132381
-0.0660996,0.132426
-0.0659301,0.132472
-0.0657585,0.132517
-0.0655849,0.132562
-0.0654093,0.132608
-0.0652317,0.132653
-0.065052,0.132698
-0.0648704,0.132744
-0.0646868,0.132789
-0.0645012,0.132834
-0.0643137,0.13288
-0.0641242,0.132925
-0.0639329,0.132971
-0.0637396,0.133016
-0.0635444,0.133061
-0.0633474,0.133107
-0.0631485,0.133152
-0.0629477,0.133197
-0.0627451,0.133243
-0.0625407,0.133288
-0.0623344,0.133333
-0.0621264,0.133379
-0.0619165,0.133424
-0.0617049,0.133469
-0.0614916,0.133515
-0.0612765,0.13356
-0.0610597,0.133605
-0.0608411,0.133651
-0.0606209,0.133696
-0.0603989,0.133741
-0.0601753,0.133787
-0.0599501,0.133832
-0.0597231,0.133878
-0.0594946,0.133923
-0.0592644,0.133968
-0.0590326,0.134014
-0.0587993,0.134059
-0.0585643,0.134104
-0.0583278,0.13415
-0.0580897,0.134195
-0.0578501,0.13424
-0.057609,0.134286
-0.0573664,0.134331
-0.0571222,0.134376
-0.0568766,0.134422
-0.0566295,0.134467
-0.056381,0.134512
-0.056131,0.134558
-0.0558796,0.134603
-0.0556268,0.134649
-0.0553726,0.134694
-0.055117,0.134739
-0.05486,0.134785
-0.0546016,0.13483
-0.054342,0.134875
-0.054081,0.134921
-0.0538186,0.134966
-0.053555,0.135011
-0.0532901,0.135057
-0.0530239,0.135102
-0.0527564,0.135147
-0.0524878,0.135193
-0.0522178,0.135238
-0.0519467,0.135283
-0.0516743,0.135329
-0.0514008,0.135374
-0.051126,0.13542
-0.0508501,0.135465
-0.0505731,0.13551
-0.0502949,0.135556
-0.0500156,0.135601
-0.0497352,0.135646
-0.0494537,0.135692
-0.0491711,0.135737
-0.0488874,0.135782
-0.0486027,0.135828
-0.048317,0.135873
-0.0480302,0.135918
-0.0477424,0.135964
-0.0474536,0.136009
-0.0471638,0.136054
-0.0468731,0.1361
-0.0465813,0.136145
-0.0462887,0.13619
-0.0459951,0.136236
-0.0457006,0.136281
-0.0454052,0.136327
-0.0451089,0.136372
-0.0448117,0.136417
-0.0445137,0.136463
-0.0442148,0.136508
-0.043915,0.136553
-0.0436145,0.136599
-0.0433131,0.136644
-0.043011,0.136689
-0.042708,0.136735
-0.0424043,0.13678
-0.0420999,0.136825
-0.0417947,0.136871
-0.0414888,0.136916
-0.0411821,0.136961
-0.0408748,0.137007
-0.0405667,0.137052
-0.040258,0.137098
-0.0399487,0.137143
-0.0396386,0.137188
-0.039328,0.137234
-0.0390167,0.137279
-0.0387048,0.137324
-0.0383924,0.13737
-0.0380793,0.137415
-0.0377657,0.13746
-0.0374515,0.137506
-0.0371368,0.137551
-0.0368216,0.137596
-0.0365058,0.137642
-0.0361895,0.137687
-0.0358728,0.137732
-0.0355556,0.137778
-0.0352379,0.137823
-0.0349197,0.137868
-0.0346012,0.137914
-0.0342822,0.137959
-0.0339627,0.138005
-0.0336429,0.13805
-0.0333227,0.138095
-0.0330022,0.138141
-0.0326813,0.138186
-0.03236,0.138231
-0.0320384,0.138277
-0.0317165,0.138322
-0.0313943,0.138367
-0.0310717,0.138413
-0.0307489,0.138458
-0.0304259,0.138503
-0.0301026,0.138549
-0.029779,0.138594
-0.0294552,0.138639
-0.0291312,0.138685
-0.028807,0.13873
-0.0284825,0.138776
-0.028158,0.138821
-0.0278332,0.138866
-0.0275083,0.138912
-0.0271832,0.138957
-0.026858,0.139002
-0.0265327,0.139048
-0.0262073,0.139093
-0.0258818,0.139138
-0.0255563,0.139184
-0.0252306,0.139229
-0.0249049,0.139274
-0.0245792,0.13932
-0.0242534,0.139365
-0.0239276,0.13941
-0.0236018,0.139456
-0.023276,0.139501
-0.0229502,0.139546
-0.0226245,0.139592
-0.0222988,0.139637
-0.0219731,0.139683
-0.0216476,0.139728
-0.0213221,0.139773
-0.0209967,0.139819
-0.0206713,0.139864
-0.0203461,0.139909
-0.0200211,0.139955
-0.0196962,0.14
-0.0193714,0.140045
-0.0190468,0.140091
-0.0187223,0.140136
-0.0183981,0.140181
-0.018074,0.140227
-0.0177502,0.140272
-0.0174265,0.140317
-0.0171031,0.140363
-0.01678,0.140408
-0.0164571,0.140454
-0.0161344,0.140499
-0.0158121,0.140544
-0.01549,0.14059
-0.0151683,0.140635
-0.0148468,0.14068
-0.0145257,0.140726
-0.0142049,0.140771
-0.0138845,0.140816
-0.0135644,0.140862
-0.0132447,0.140907
-0.0129253,0.140952
-0.0126064,0.140998
-0.0122879,0.141043
-0.0119697,0.141088
-0.011652,0.141134
-0.0113348,0.141179
-0.0110179,0.141224
-0.0107016,0.14127
-0.0103857,0.141315
-0.0100703,0.141361
-0.00975536,0.141406
-0.00944095,0.141451
-0.00912704,0.141497
-0.00881365,0.141542
-0.0085008,0.141587
-0.0081885,0.141633
-0.00787675,0.141678
-0.00756556,0.141723
-0.00725495,0.141769
-0.00694493,0.141814
-0.0066355,0.141859
-0.00632669,0.141905
-0.00601849,0.14195
-0.00571091,0.141995
-0.00540398,0.142041
-0.0050977,0.142086
-0.00479207,0.142132
-0.00448712,0.142177
-0.00418284,0.142222
-0.00387926,0.142268
-0.00357638,0.142313
-0.0032742,0.142358
-0.00297275,0.142404
-0.00267202,0.142449
-0.00237204,0.142494
-0.0020728,0.14254
-0.00177433,0.142585
-0.00147663,0.14263
-0.0011797,0.142676
-0.000883569,0.142721
-0.000588234,0.142766
-0.000293708,0.142812
-3.91822e-014,0.142857
0.000292879,0.142902
0.000584921,0.142948
0.000876115,0.142993
0.00116645,0.143039
0.00145592,0.143084
0.00174452,0.143129
0.00203223,0.143175
0.00231904,0.14322
0.00260495,0.143265
0.00288995,0.143311
0.00317403,0.143356
0.00345717,0.143401
0.00373938,0.143447
0.00402063,0.143492
0.00430093,0.143537
0.00458025,0.143583
0.0048586,0.143628
0.00513597,0.143673
0.00541234,0.143719
0.0056877,0.143764
0.00596205,0.14381
0.00623539,0.143855
0.00650769,0.1439
0.00677895,0.143946
0.00704917,0.143991
0.00731832,0.144036
0.00758642,0.144082
0.00785344,0.144127
0.00811938,0.144172
0.00838423,0.144218
0.00864798,0.144263
0.00891062,0.144308
0.00917215,0.144354
0.00943256,0.144399
0.00969183,0.144444
0.00994996,0.14449
0.0102069,0.144535
0.0104628,0.14458
0.0107174,0.144626
0.0109709,0.144671
0.0112232,0.144717
0.0114744,0.144762
0.0117243,0.144807
0.011973,0.144853
0.0122205,0.144898
0.0124668,0.144943
0.0127119,0.144989
0.0129557,0.145034
0.0131983,0.145079
0.0134396,0.145125
0.0136797,0.14517
0.0139185,0.145215
0.014156,0.145261
0.0143923,0.145306
0.0146272,0.145351
0.0148609,0.145397
0.0150933,0.145442
0.0153243,0.145488
0.0155541,0.145533
0.0157825,0.145578
0.0160095,0.145624
0.0162353,0.145669
0.0164597,0.145714
0.0166827,0.14576
0.0169044,0.145805
0.0171247,0.14585
0.0173436,0.145896
0.0175612,0.145941
0.0177774,0.145986
0.0179922,0.146032
0.0182055,0.146077
0.0184175,0.146122
0.018628,0.146168
0.0188372,0.146213
0.0190449,0.146259
0.0192511,0.146304
0.019456,0.146349
0.0196593,0.146395
0.0198613,0.14644
0.0200617,0.146485
0.0202607,0.146531
0.0204582,0.146576
0.0206543,0.146621
0.0208488,0.146667
0.0210419,0.146712
0.0212335,0.146757
0.0214235,0.146803
0.0216121,0.146848
0.0217991,0.146893
0.0219847,0.146939
0.0221686,0.146984
0.0223511,0.147029
0.022532,0.147075
0.0227114,0.14712
0.0228892,0.147166
0.0230655,0.147211
0.0232402,0.147256
0.0234133,0.147302
0.0235849,0.147347
0.0237549,0.147392
0.0239233,0.147438
0.0240901,0.147483
0.0242553,0.147528
0.0244189,0.147574
0.0245809,0.147619
0.0247413,0.147664
0.0249001,0.14771
0.0250572,0.147755
0.0252128,0.1478
0.0253667,0.147846
0.0255189,0.147891
0.0256696,0.147937
0.0258185,0.147982
0.0259658,0.148027
0.0261115,0.148073
0.0262555,0.148118
0.0263979,0.148163
0.0265385,0.148209
0.0266775,0.148254
0.0268148,0.148299
0.0269505,0.148345
0.0270844,0.14839
0.0272166,0.148435
0.0273472,0.148481
0.027476,0.148526
0.0276032,0.148571
0.0277286,0.148617
0.0278523,0.148662
0.0279743,0.148707
0.0280945,0.148753
0.0282131,0.148798
0.0283299,0.148844
0.0284449,0.148889
0.0285582,0.148934
0.0286698,0.14898
0.0287796,0.149025
0.0288877,0.14907
0.028994,0.149116
0.0290986,0.149161
0.0292014,0.149206
0.0293024,0.149252
0.0294016,0.149297
0.0294991,0.149342
0.0295948,0.149388
0.0296887,0.149433
0.0297808,0.149478
0.0298712,0.149524
0.0299597,0.149569
0.0300464,0.149615
0.0301314,0.14966
0.0302145,0.149705
0.0302958,0.149751
0.0303753,0.149796
0.030453,0.149841
0.0305289,0.149887
0.030603,0.149932
0.0306752,0.149977
0.0307456,0.150023
0.0308142,0.150068
0.0308809,0.150113
0.0309458,0.150159
0.0310089,0.150204
0.0310701,0.150249
0.0311295,0.150295
0.0311871,0.15034
0.0312427,0.150385
0.0312966,0.150431
0.0313485,0.150476
0.0313987,0.150522
0.0314469,0.150567
0.0314933,0.150612
0.0315378,0.150658
0.0315805,0.150703
0.0316213,0.150748
0.0316602,0.150794
0.0316972,0.150839
0.0317324,0.150884
0.0317657,0.15093
0.0317971,0.150975
0.0318266,0.15102
0.0318542,0.151066
0.0318799,0.151111
0.0319038,0.151156
0.0319257,0.151202
0.0319458,0.151247
0.0319639,0.151293
0.0319802,0.151338
0.0319945,0.151383
0.032007,0.151429
0.0320175,0.151474
0.0320261,0.151519
0.0320329,0.151565
0.0320377,0.15161
0.0320406,0.151655
0.0320416,0.151701
0.0320406,0.151746
0.0320378,0.151791
0.032033,0.151837
0.0320264,0.151882
0.0320178,0.151927
0.0320072,0.151973
0.0319948,0.152018
0.0319804,0.152063
0.0319641,0.152109
0.0319459,0.152154
0.0319257,0.1522
0.0319036,0.152245
0.0318796,0.15229
0.0318537,0.152336
0.0318258,0.152381
0.0317959,0.152426
0.0317642,0.152472
0.0317305,0.152517
0.0316949,0.152562
0.0316573,0.152608
0.0316178,0.152653
0.0315763,0.152698
0.0315329,0.152744
0.0314876,0.152789
0.0314403,0.152834
0.0313911,0.15288
0.0313399,0.152925
0.0312868,0.152971
0.0312318,0.153016
0.0311748,0.153061
0.0311158,0.153107
0.0310549,0.153152
0.0309921,0.153197
0.0309273,0.153243
0.0308606,0.153288
0.0307919,0.153333
0.0307212,0.153379
0.0306487,0.153424
0.0305741,0.153469
0.0304976,0.153515
0.0304192,0.15356
0.0303388,0.153605
0.0302565,0.153651
0.0301722,0.153696
0.030086,0.153741
0.0299978,0.153787
0.0299077,0.153832
0.0298157,0.153878
0.0297216,0.153923
0.0296257,0.153968
0.0295277,0.154014
0.0294279,0.154059
0.0293261,0.154104
0.0292223,0.15415
0.0291166,0.154195
0.0290089,0.15424
0.0288993,0.154286
0.0287878,0.154331
0.0286743,0.154376
0.0285589,0.154422
0.0284415,0.154467
0.0283221,0.154512
0.0282009,0.154558
0.0280777,0.154603
0.0279525,0.154649
0.0278254,0.154694
0.0276964,0.154739
0.0275654,0.154785
0.0274325,0.15483
0.0272976,0.154875
0.0271608,0.154921
0.0270221,0.154966
0.0268814,0.155011
0.0267388,0.155057
0.0265943,0.155102
0.0264478,0.155147
0.0262994,0.155193
0.0261491,0.155238
0.0259969,0.155283
0.0258427,0.155329
0.0256866,0.155374
0.0255285,0.15542
0.0253686,0.155465
0.0252067,0.15551
0.0250429,0.155556
0.0248772,0.155601
0.0247095,0.155646
0.02454,0.155692
0.0243685,0.155737
0.0241951,0.155782
0.0240198,0.155828
0.0238426,0.155873
0.0236635,0.155918
0.0234824,0.155964
0.0232995,0.156009
0.0231146,0.156054
0.0229279,0.1561
0.0227392,0.156145
0.0225487,0.15619
0.0223562,0.156236
0.0221619,0.156281
0.0219657,0.156327
0.0217675,0.156372
0.0215675,0.156417
0.0213656,0.156463
0.0211618,0.156508
0.0209561,0.156553
0.0207485,0.156599
0.0205391,0.156644
0.0203278,0.156689
0.0201146,0.156735
0.0198995,0.15678
0.0196825,0.156825
0.0194637,0.156871
0.019243,0.156916
0.0190205,0.156961
0.018796,0.157007
0.0185698,0.157052
0.0183416,0.157098
0.0181116,0.157143
0.0178798,0.157188
0.0176461,0.157234
0.0174105,0.157279
0.0171731,0.157324
0.0169339,0.15737
0.0166928,0.157415
0.0164499,0.15746
0.0162051,0.157506
0.0159585,0.157551
0.0157101,0.157596
0.0154598,0.157642
0.0152077,0.157687
0.0149538,0.157732
0.0146981,0.157778
0.0144406,0.157823
0.0141812,0.157868
0.01392,0.157914
0.013657,0.157959
0.0133922,0.158005
0.0131256,0.15805
0.0128572,0.158095
0.012587,0.158141
0.0123151,0.158186
0.0120413,0.158231
0.0117657,0.158277
0.0114883,0.158322
0.0112092,0.158367
0.0109283,0.158413
0.0106456,0.158458
0.0103611,0.158503
0.0100749,0.158549
0.00978684,0.158594
0.00949706,0.158639
0.00920552,0.158685
0.00891223,0.15873
0.00861717,0.158776
0.00832037,0.158821
0.00802182,0.158866
0.00772152,0.158912
0.00741948,0.158957
0.00711571,0.159002
0.00681019,0.159048
0.00650295,0.159093
0.00619398,0.159138
0.00588329,0.159184
0.00557087,0.159229
0.00525674,0.159274
0.00494089,0.15932
0.00462333,0.159365
0.00430407,0.15941
0.0039831,0.159456
0.00366043,0.159501
0.00333607,0.159546
0.00301002,0.159592
0.00268227,0.159637
0.00235285,0.159683
0.00202174,0.159728
0.00168895,0.159773
0.00135449,0.159819
0.00101837,0.159864
0.000680571,0.159909
0.000341114,0.159955
5.30995e-014,0.16
-0.000342768,0.160045
-0.000687187,0.160091
-0.00103325,0.160136
-0.00138096,0.160181
-0.00173031,0.160227
-0.00208129,0.160272
-0.0024339,0.160317
-0.00278813,0.160363
-0.00314399,0.160408
-0.00350147,0.160454
-0.00386056,0.160499
-0.00422126,0.160544
-0.00458357,0.16059
-0.00494748,0.160635
-0.00531298,0.16068
-0.00568008,0.160726
-0.00604877,0.160771
-0.00641905,0.160816
-0.0067909,0.160862
-0.00716433,0.160907
-0.00753933,0.160952
-0.0079159,0.160998
-0.00829404,0.161043
-0.00867373,0.161088
-0.00905498,0.161134
-0.00943778,0.161179
-0.00982212,0.161224
-0.010208,0.16127
-0.0105954,0.161315
-0.0109844,0.161361
-0.0113749,0.161406
-0.0117669,0.161451
-0.0121604,0.161497
-0.0125554,0.161542
-0.012952,0.161587
-0.0133501,0.161633
-0.0137496,0.161678
-0.0141507,0.161723
-0.0145532,0.161769
-0.0149572,0.161814
-0.0153628,0.161859
-0.0157698,0.161905
-0.0161782,0.16195
-0.0165882,0.161995
-0.0169996,0.162041
-0.0174124,0.162086
-0.0178267,0.162132
-0.0182425,0.162177
-0.0186597,0.162222
-0.0190783,0.162268
-0.0194984,0.162313
-0.0199199,0.162358
-0.0203429,0.162404
-0.0207672,0.162449
-0.021193,0.162494
-0.0216202,0.16254
-0.0220488,0.162585
-0.0224788,0.16263
-0.0229102,0.162676
-0.023343,0.162721
-0.0237771,0.162766
-0.0242127,0.162812
-0.0246496,0.162857
-0.0250879,0.162902
-0.0255275,0.162948
-0.0259686,0.162993
-0.026411,0.163039
-0.0268547,0.163084
-0.0272998,0.163129
-0.0277462,0.163175
-0.0281939,0.16322
-0.028643,0.163265
-0.0290934,0.163311
-0.0295452,0.163356
-0.0299982,0.163401
-0.0304526,0.163447
-0.0309082,0.163492
-0.0313652,0.163537
-0.0318234,0.163583
-0.032283,0.163628
-0.0327438,0.163673
-0.0332059,0.163719
-0.0336693,0.163764
-0.034134,0.16381
-0.0345999,0.163855
-0.035067,0.1639
-0.0355355,0.163946
-0.0360051,0.163991
-0.0364761,0.164036
-0.0369482,0.164082
-0.0374216,0.164127
-0.0378962,0.164172
-0.038372,0.164218
-0.0388491,0.164263
-0.0393273,0.164308
-0.0398068,0.164354
-0.0402874,0.164399
-0.0407693,0.164444
-0.0412523,0.16449
-0.0417365,0.164535
-0.0422219,0.16458
-0.0427085,0.164626
-0.0431962,0.164671
-0.0436851,0.164717
-0.0441752,0.164762
-0.0446664,0.164807
-0.0451587,0.164853
-0.0456522,0.164898
-0.0461468,0.164943
-0.0466426,0.164989
-0.0471394,0.165034
-0.0476374,0.165079
-0.0481365,0.165125
-0.0486367,0.16517
-0.049138,0.165215
-0.0496404,0.165261
-0.0501439,0.165306
-0.0506484,0.165351
-0.0511541,0.165397
-0.0516608,0.165442
-0.0521686,0.165488
-0.0526774,0.165533
-0.0531873,0.165578
-0.0536982,0.165624
-0.0542102,0.165669
-0.0547232,0.165714
-0.0552373,0.16576
-0.0557523,0.165805
-0.0562684,0.16585
-0.0567855,0.165896
-0.0573037,0.165941
-0.0578228,0.165986
-0.0583429,0.166032
-0.058864,0.166077
-0.0593861,0.166122
-0.0599092,0.166168
-0.0604332,0.166213
-0.0609582,0.166259
-0.0614842,0.166304
-0.0620112,0.166349
-0.062539,0.166395
-0.0630679,0.16644
-0.0635976,0.166485
-0.0641283,0.166531
-0.06466,0.166576
-0.0651925,0.166621
-0.065726,0.166667
-0.0662604,0.166712
-0.0667956,0.166757
-0.0673318,0.166803
-0.0678689,0.166848
-0.0684068,0.166893
-0.0689457,0.166939
-0.0694854,0.166984
-0.0700259,0.167029
-0.0705674,0.167075
-0.0711097,0.16712
-0.0716528,0.167166
-0.0721968,0.167211
-0.0727416,0.167256
-0.0732873,0.167302
-0.0738338,0.167347
-0.0743811,0.167392
-0.0749292,0.167438
-0.0754782,0.167483
-0.0760279,0.167528
-0.0765784,0.167574
-0.0771298,0.167619
-0.0776819,0.167664
-0.0782348,0.16771
-0.0787884,0.167755
-0.0793428,0.1678
-0.079898,0.167846
-0.080454,0.167891
-0.0810107,0.167937
-0.0815681,0.167982
-0.0821263,0.168027
-0.0826852,0.168073
-0.0832448,0.168118
-0.0838051,0.168163
-0.0843662,0.168209
-0.084928,0.168254
-0.0854904,0.168299
-0.0860536,0.168345
-0.0866174,0.16839
-0.087182,0.168435
-0.0877472,0.168481
-0.0883131,0.168526
-0.0888796,0.168571
-0.0894468,0.168617
-0.0900147,0.168662
-0.0905831,0.168707
-0.0911523,0.168753
-0.0917221,0.168798
-0.0922925,0.168844
-0.0928635,0.168889
-0.0934351,0.168934
-0.0940074,0.16898
-0.0945802,0.169025
-0.0951537,0.16907
-0.0957277,0.169116
-0.0963023,0.169161
-0.0968775,0.169206
-0.0974533,0.169252
-0.0980296,0.169297
-0.0986065,0.169342
-0.099184,0.169388
-0.099762,0.169433
-0.100341,0.169478
-0.10092,0.169524
-0.101499,0.169569
-0.102079,0.169615
-0.10266,0.16966
-0.103241,0.169705
-0.103823,0.169751
-0.104405,0.169796
-0.104988,0.169841
-0.105571,0.169887
-0.106154,0.169932
-0.106739,0.169977
-0.107323,0.170023
-0.107908,0.170068
-0.108494,0.170113
-0.10908,0.170159
-0.109666,0.170204
-0.110253,0.170249
-0.11084,0.170295
-0.111428,0.17034
-0.112016,0.170385
-0.112604,0.170431
-0.113193,0.170476
-0.113783,0.170522
-0.114372,0.170567
-0.114962,0.170612
-0.115553,0.170658
-0.116144,0.170703
-0.116735,0.170748
-0.117327,0.170794
-0.117919,0.170839
-0.118511,0.170884
-0.119104,0.17093
-0.119697,0.170975
-0.12029,0.17102
-0.120884,0.171066
-0.121478,0.171111
-0.122072,0.171156
-0.122667,0.171202
-0.123261,0.171247
-0.123857,0.171293
-0.124452,0.171338
-0.125048,0.171383
-0.125644,0.171429
-0.12624,0.171474
-0.126837,0.171519
-0.127434,0.171565
-0.128031,0.17161
-0.128628,0.171655
-0.129226,0.171701
-0.129824,0.171746
-0.130422,0.171791
-0.13102,0.171837
-0.131619,0.171882
-0.132217,0.171927
-0.132816,0.171973
-0.133415,0.172018
-0.134015,0.172063
-0.134614,0.172109
-0.135214,0.172154
-0.135814,0.1722
-0.136414,0.172245
-0.137014,0.17229
-0.137614,0.172336
-0.138215,0.172381
-0.138816,0.172426
-0.139416,0.172472
-0.140017,0.172517
-0.140618,0.172562
-0.141219,0.172608
-0.141821,0.172653
-0.142422,0.172698
-0.143024,0.172744
-0.143625,0.172789
-0.144227,0.172834
-0.144829,0.17288
-0.14543,0.172925
-0.146032,0.172971
-0.146634,0.173016
-0.147236,0.173061
-0.147838,0.173107
-0.148441,0.173152
-0.149043,0.173197
-0.149645,0.173243
-0.150247,0.173288
-0.150849,0.173333
-0.151452,0.173379
-0.152054,0.173424
-0.152656,0.173469
-0.153259,0.173515
-0.153861,0.17356
-0.154463,0.173605
-0.155065,0.173651
-0.155668,0.173696
-0.15627,0.173741
-0.156872,0.173787
-0.157474,0.173832
-0.158076,0.173878
-0.158678,0.173923
-0.15928,0.173968
-0.159882,0.174014
-0.160484,0.174059
-0.161086,0.174104
-0.161687,0.17415
-0.162289,0.174195
-0.16289,0.17424
-0.163492,0.174286
-0.164093,0.174331
-0.164694,0.174376
-0.165295,0.174422
-0.165896,0.174467
-0.166497,0.174512
-0.167098,0.174558
-0.167698,0.174603
-0.168299,0.174649
-0.168899,0.174694
-0.169499,0.174739
-0.170099,0.174785
-0.170698,0.17483
-0.171298,0.174875
-0.171897,0.174921
-0.172496,0.174966
-0.173095,0.175011
-0.173694,0.175057
-0.174293,0.175102
-0.174891,0.175147
-0.175489,0.175193
-0.176087,0.175238
-0.176685,0.175283
-0.177282,0.175329
-0.177879,0.175374
-0.178476,0.17542
-0.179073,0.175465
-0.179669,0.17551
-0.180265,0.175556
-0.180861,0.175601
-0.181457,0.175646
-0.182052,0.175692
-0.182647,0.175737
-0.183242,0.175782
-0.183837,0.175828
-0.184431,0.175873
-0.185024,0.175918
-0.185618,0.175964
-0.186211,0.176009
-0.186804,0.176054
-0.187397,0.1761
-0.187989,0.176145
-0.188581,0.17619
-0.189172,0.176236
-0.189763,0.176281
-0.190354,0.176327
-0.190944,0.176372
-0.191535,0.176417
-0.192124,0.176463
-0.192713,0.176508
-0.193302,0.176553
-0.193891,0.176599
-0.194479,0.176644
-0.195067,0.176689
-0.195654,0.176735
-0.196241,0.17678
-0.196827,0.176825
-0.197413,0.176871
-0.197999,0.176916
-0.198584,0.176961
-0.199169,0.177007
-0.199753,0.177052
-0.200337,0.177098
-0.20092,0.177143
-0.201503,0.177188
-0.202085,0.177234
-0.202667,0.177279
-0.203249,0.177324
-0.203829,0.17737
-0.20441,0.177415
-0.20499,0.17746
-0.205569,0.177506
-0.206148,0.177551
-0.206727,0.177596
-0.207304,0.177642
-0.207882,0.177687
-0.208459,0.177732
-0.209035,0.177778
-0.209611,0.177823
-0.210186,0.177868
-0.21076,0.177914
-0.211335,0.177959
-0.211908,0.178005
-0.212481,0.17805
-0.213053,0.178095
-0.213625,0.178141
-0.214196,0.178186
-0.214767,0.178231
-0.215337,0.178277
-0.215906,0.178322
-0.216475,0.178367
-0.217043,0.178413
-0.217611,0.178458
-0.218178,0.178503
-0.218744,0.178549
-0.21931,0.178594
-0.219875,0.178639
-0.220439,0.178685
-0.221003,0.17873
-0.221566,0.178776
-0.222129,0.178821
-0.222691,0.178866
-0.223252,0.178912
-0.223812,0.178957
-0.224372,0.179002
-0.224931,0.179048
-0.225489,0.179093
-0.226047,0.179138
-0.226604,0.179184
-0.22716,0.179229
-0.227716,0.179274
-0.228271,0.17932
-0.228825,0.179365
-0.229378,0.17941
-0.229931,0.179456
-0.230483,0.179501
-0.231034,0.179546
-0.231585,0.179592
-0.232134,0.179637
-0.232683,0.179683
-0.233231,0.179728
-0.233779,0.179773
-0.234325,0.179819
-0.234871,0.179864
-0.235416,0.179909
-0.235961,0.179955
-0.236504,0.18
-0.237047,0.180045
-0.237589,0.180091
-0.23813,0.180136
-0.23867,0.180181
-0.23921,0.180227
-0.239749,0.180272
-0.240286,0.180317
-0.240823,0.180363
-0.24136,0.180408
-0.241895,0.180454
-0.24243,0.180499
-0.242963,0.180544
-0.243496,0.18059
-0.244028,0.180635
-0.244559,0.18068
-0.245089,0.180726
-0.245619,0.180771
-0.246147,0.180816
-0.246675,0.180862
-0.247201,0.180907
-0.247727,0.180952
-0.248252,0.180998
-0.248776,0.181043
-0.249299,0.181088
-0.249821,0.181134
-0.250343,0.181179
-0.250863,0.181224
-0.251382,0.18127
-0.251901,0.181315
-0.252418,0.181361
-0.252935,0.181406
-0.253451,0.181451
-0.253966,0.181497
-0.254479,0.181542
-0.254992,0.181587
-0.255504,0.181633
-0.256015,0.181678
-0.256525,0.181723
-0.257034,0.181769
-0.257542,0.181814
-0.258049,0.181859
-0.258555,0.181905
-0.25906,0.18195
-0.259564,0.181995
-0.260067,0.182041
-0.260569,0.182086
-0.26107,0.182132
-0.26157,0.182177
-0.262069,0.182222
-0.262567,0.182268
-0.263064,0.182313
-0.26356,0.182358
-0.264055,0.182404
-0.264548,0.182449
-0.265041,0.182494
-0.265533,0.18254
-0.266023,0.182585
-0.266513,0.18263
-0.267002,0.182676
-0.267489,0.182721
-0.267975,0.182766
-0.268461,0.182812
-0.268945,0.182857
-0.269428,0.182902
-0.26991,0.182948
-0.270391,0.182993
-0.270871,0.183039
-0.27135,0.183084
-0.271828,0.183129
-0.272304,0.183175
-0.27278,0.18322
-0.273254,0.183265
-0.273727,0.183311
-0.274199,0.183356
-0.27467,0.183401
-0.27514,0.183447
-0.275609,0.183492
-0.276076,0.183537
-0.276543,0.183583
-0.277008,0.183628
-0.277472,0.183673
-0.277935,0.183719
-0.278397,0.183764
-0.278857,0.18381
-0.279317,0.183855
-0.279775,0.1839
-0.280232,0.183946
-0.280688,0.183991
-0.281143,0.184036
-0.281596,0.184082
-0.282049,0.184127
-0.2825,0.184172
-0.28295,0.184218
-0.283399,0.184263
-0.283846,0.184308
-0.284292,0.184354
-0.284738,0.184399
-0.285181,0.184444
-0.285624,0.18449
-0.286065,0.184535
-0.286506,0.18458
-0.286945,0.184626
-0.287382,0.184671
-0.287819,0.184717
-0.288254,0.184762
-0.288688,0.184807
-0.289121,0.184853
-0.289552,0.184898
-0.289982,0.184943
-0.290411,0.184989
-0.290839,0.185034
-0.291265,0.185079
-0.29169,0.185125
-0.292114,0.18517
-0.292537,0.185215
-0.292958,0.185261
-0.293378,0.185306
-0.293797,0.185351
-0.294214,0.185397
-0.29463,0.185442
-0.295045,0.185488
-0.295458,0.185533
-0.29587,0.185578
-0.296281,0.185624
-0.296691,0.185669
-0.297099,0.185714
-0.297506,0.18576
-0.297911,0.185805
-0.298315,0.18585
-0.298718,0.185896
-0.29912,0.185941
-0.29952,0.185986
-0.299919,0.186032
-0.300316,0.186077
-0.300712,0.186122
-0.301107,0.186168
-0.3015,0.186213
-0.301892,0.186259
-0.302283,0.186304
-0.302672,0.186349
-0.30306,0.186395
-0.303447,0.18644
-0.303832,0.186485
-0.304216,0.186531
-0.304598,0.186576
-0.304979,0.186621
-0.305358,0.186667
-0.305737,0.186712
-0.306113,0.186757
-0.306489,0.186803
-0.306863,0.186848
-0.307235,0.186893
-0.307606,0.186939
-0.307976,0.186984
-0.308345,0.187029
-0.308711,0.187075
-0.309077,0.18712
-0.309441,0.187166
-0.309803,0.187211
-0.310165,0.187256
-0.310524,0.187302
-0.310883,0.187347
-0.311239,0.187392
-0.311595,0.187438
-0.311949,0.187483
-0.312301,0.187528
-0.312652,0.187574
-0.313002,0.187619
-0.31335,0.187664
-0.313697,0.18771
-0.314042,0.187755
-0.314385,0.1878
-0.314728,0.187846
-0.315068,0.187891
-0.315408,0.187937
-0.315745,0.187982
-0.316082,0.188027
-0.316416,0.188073
-0.31675,0.188118
-0.317082,0.188163
-0.317412,0.188209
-0.317741,0.188254
-0.318068,0.188299
-0.318394,0.188345
-0.318718,0.18839
-0.319041,0.188435
-0.319362,0.188481
-0.319682,0.188526
-0.32,0.188571
-0.320317,0.188617
-0.320632,0.188662
-0.320946,0.188707
-0.321258,0.188753
-0.321568,0.188798
-0.321877,0.188844
-0.322185,0.188889
-0.322491,0.188934
-0.322795,0.18898
-0.323098,0.189025
-0.323399,0.18907
-0.323699,0.189116
-0.323997,0.189161
-0.324294,0.189206
-0.324589,0.189252
-0.324883,0.189297
-0.325175,0.189342
-0.325465,0.189388
-0.325754,0.189433
-0.326041,0.189478
-0.326327,0.189524
-0.326611,0.189569
-0.326893,0.189615
-0.327174,0.18966
-0.327454,0.189705
-0.327731,0.189751
-0.328008,0.189796
-0.328282,0.189841
-0.328555,0.189887
-0.328827,0.189932
-0.329096,0.189977
-0.329365,0.190023
-0.329631,0.190068
-0.329896,0.190113
-0.33016,0.190159
-0.330421,0.190204
-0.330681,0.190249
-0.33094,0.190295
-0.331197,0.19034
-0.331452,0.190385
-0.331706,0.190431
-0.331958,0.190476
-0.332208,0.190522
-0.332457,0.190567
-0.332704,0.190612
-0.33295,0.190658
-0.333194,0.190703
-0.333436,0.190748
-0.333677,0.190794
-0.333916,0.190839
-0.334153,0.190884
-0.334389,0.19093
-0.334623,0.190975
-0.334855,0.19102
-0.335086,0.191066
-0.335315,0.191111
-0.335542,0.191156
-0.335768,0.191202
-0.335992,0.191247
-0.336215,0.191293
-0.336436,0.191338
-0.336655,0.191383
-0.336872,0.191429
-0.337088,0.191474
-0.337302,0.191519
-0.337514,0.191565
-0.337725,0.19161
-0.337934,0.191655
-0.338142,0.191701
-0.338347,0.191746
-0.338551,0.191791
-0.338754,0.191837
-0.338955,0.191882
-0.339153,0.191927
-0.339351,0.191973
-0.339546,0.192018
-0.33974,0.192063
-0.339932,0.192109
-0.340123,0.192154
-0.340312,0.1922
-0.340499,0.192245
-0.340684,0.19229
-0.340868,0.192336
-0.34105,0.192381
-0.34123,0.192426
-0.341409,0.192472
-0.341586,0.192517
-0.341761,0.192562
-0.341934,0.192608
-0.342106,0.192653
-0.342276,0.192698
-0.342444,0.192744
-0.342611,0.192789
-0.342776,0.192834
-0.342939,0.19288
-0.3431,0.192925
-0.34326,0.192971
-0.343418,0.193016
-0.343574,0.193061
-0.343728,0.193107
-0.343881,0.193152
-0.344032,0.193197
-0.344181,0.193243
-0.344329,0.193288
-0.344475,0.193333
-0.344619,0.193379
-0.344761,0.193424
-0.344901,0.193469
-0.34504,0.193515
-0.345177,0.19356
-0.345313,0.193605
-0.345446,0.193651
-0.345578,0.193696
-0.345708,0.193741
-0.345836,0.193787
-0.345963,0.193832
-0.346088,0.193878
-0.346211,0.193923
-0.346332,0.193968
-0.346451,0.194014
-0.346569,0.194059
-0.346685,0.194104
-0.346799,0.19415
-0.346912,0.194195
-0.347022,0.19424
-0.347131,0.194286
-0.347238,0.194331
-0.347344,0.194376
-0.347447,0.194422
-0.347549,0.194467
-0.347649,0.194512
-0.347748,0.194558
-0.347844,0.194603
-0.347939,0.194649
-0.348032,0.194694
-0.348123,0.194739
-0.348212,0.194785
-0.3483,0.19483
-0.348386,0.194875
-0.34847,0.194921
-0.348552,0.194966
-0.348632,0.195011
-0.348711,0.195057
-0.348788,0.195102
-0.348863,0.195147
-0.348936,0.195193
-0.349008,0.195238
-0.349078,0.195283
-0.349145,0.195329
-0.349212,0.195374
-0.349276,0.19542
-0.349338,0.195465
-0.349399,0.19551
-0.349458,0.195556
-0.349515,0.195601
-0.349571,0.195646
-0.349624,0.195692
-0.349676,0.195737
-0.349726,0.195782
-0.349774,0.195828
-0.34982,0.195873
-0.349865,0.195918
-0.349908,0.195964
-0.349949,0.196009
-0.349988,0.196054
-0.350025,0.1961
-0.35006,0.196145
-0.350094,0.19619
-0.350126,0.196236
-0.350156,0.196281
-0.350184,0.196327
-0.350211,0.196372
-0.350235,0.196417
-0.350258,0.196463
-0.350279,0.196508
-0.350298,0.196553
-0.350316,0.196599
-0.350331,0.196644
-0.350345,0.196689
-0.350357,0.196735
-0.350367,0.19678
-0.350375,0.196825
-0.350382,0.196871
-0.350386,0.196916
-0.350389,0.196961
-0.35039,0.197007
-0.350389,0.197052
-0.350387,0.197098
-0.350382,0.197143
-0.350376,0.197188
-0.350368,0.197234
-0.350358,0.197279
-0.350346,0.197324
-0.350333,0.19737
-0.350317,0.197415
-0.3503,0.19746
-0.350281,0.197506
-0.35026,0.197551
-0.350237,0.197596
-0.350213,0.197642
-0.350186,0.197687
-0.350158,0.197732
-0.350128,0.197778
-0.350096,0.197823
-0.350062,0.197868
-0.350027,0.197914
-0.34999,0.197959
-0.34995,0.198005
-0.349909,0.19805
-0.349866,0.198095
-0.349822,0.198141
-0.349775,0.198186
-0.349727,0.198231
-0.349677,0.198277
-0.349625,0.198322
-0.349571,0.198367
-0.349515,0.198413
-0.349458,0.198458
-0.349398,0.198503
-0.349337,0.198549
-0.349274,0.198594
-0.349209,0.198639
-0.349143,0.198685
-0.349074,0.19873
-0.349004,0.198776
-0.348931,0.198821
-0.348857,0.198866
-0.348782,0.198912
-0.348704,0.198957
-0.348624,0.199002
-0.348543,0.199048
-0.34846,0.199093
-0.348375,0.199138
-0.348288,0.199184
-0.348199,0.199229
-0.348109,0.199274
-0.348016,0.19932
-0.347922,0.199365
-0.347826,0.19941
-0.347728,0.199456
-0.347628,0.199501
-0.347527,0.199546
-0.347423,0.199592
-0.347318,0.199637
-0.347211,0.199683
-0.347102,0.199728
-0.346991,0.199773
-0.346879,0.199819
-0.346764,0.199864
-0.346648,0.199909
-0.34653,0.199955
-0.34641,0.2
-0.346288,0.200045
-0.346165,0.200091
-0.346039,0.200136
-0.345912,0.200181
-0.345783,0.200227
-0.345652,0.200272
-0.345519,0.200317
-0.345385,0.200363
-0.345248,0.200408
-0.34511,0.200454
-0.34497,0.200499
-0.344828,0.200544
-0.344684,0.20059
-0.344539,0.200635
-0.344391,0.20068
-0.344242,0.200726
-0.344091,0.200771
-0.343938,0.200816
-0.343783,0.200862
-0.343627,0.200907
-0.343468,0.200952
-0.343308,0.200998
-0.343146,0.201043
-0.342982,0.201088
-0.342816,0.201134
-0.342649,0.201179
-0.342479,0.201224
-0.342308,0.20127
-0.342135,0.201315
-0.34196,0.201361
-0.341783,0.201406
-0.341605,0.201451
-0.341425,0.201497
-0.341242,0.201542
-0.341058,0.201587
-0.340873,0.201633
-0.340685,0.201678
-0.340495,0.201723
-0.340304,0.201769
-0.340111,0.201814
-0.339916,0.201859
-0.339719,0.201905
-0.339521,0.20195
-0.33932,0.201995
-0.339118,0.202041
-0.338914,0.202086
-0.338708,0.202132
-0.3385,0.202177
-0.338291,0.202222
-0.33808,0.202268
-0.337866,0.202313
-0.337651,0.202358
-0.337435,0.202404
-0.337216,0.202449
-0.336996,0.202494
-0.336773,0.20254
-0.336549,0.202585
-0.336324,0.20263
-0.336096,0.202676
-0.335866,0.202721
-0.335635,0.202766
-0.335402,0.202812
-0.335167,0.202857
-0.334931,0.202902
-0.334692,0.202948
-0.334452,0.202993
-0.33421,0.203039
-0.333966,0.203084
-0.33372,0.203129
-0.333472,0.203175
-0.333223,0.20322
-0.332972,0.203265
-0.332719,0.203311
-0.332464,0.203356
-0.332208,0.203401
-0.331949,0.203447
-0.331689,0.203492
-0.331427,0.203537
-0.331163,0.203583
-0.330898,0.203628
-0.330631,0.203673
-0.330361,0.203719
-0.330091,0.203764
-0.329818,0.20381
-0.329543,0.203855
-0.329267,0.2039
-0.328989,0.203946
-0.328709,0.203991
-0.328427,0.204036
-0.328144,0.204082
-0.327859,0.204127
-0.327572,0.204172
-0.327283,0.204218
-0.326992,0.204263
-0.3267,0.204308
-0.326406,0.204354
-0.32611,0.204399
-0.325812,0.204444
-0.325513,0.20449
-0.325211,0.204535
-0.324908,0.20458
-0.324603,0.204626
-0.324297,0.204671
-0.323988,0.204717
-0.323678,0.204762
-0.323366,0.204807
-0.323053,0.204853
-0.322737,0.204898
-0.32242,0.204943
-0.322101,0.204989
-0.32178,0.205034
-0.321458,0.205079
-0.321133,0.205125
-0.320807,0.20517
-0.320479,0.205215
-0.32015,0.205261
-0.319819,0.205306
-0.319485,0.205351
-0.319151,0.205397
-0.318814,0.205442
-0.318476,0.205488
-0.318136,0.205533
-0.317794,0.205578
-0.31745,0.205624
-0.317105,0.205669
-0.316758,0.205714
-0.316409,0.20576
-0.316058,0.205805
-0.315706,0.20585
-0.315352,0.205896
-0.314996,0.205941
-0.314638,0.205986
-0.314279,0.206032
-0.313918,0.206077
-0.313555,0.206122
-0.31319,0.206168
-0.312824,0.206213
-0.312456,0.206259
-0.312086,0.206304
-0.311715,0.206349
-0.311342,0.206395
-0.310967,0.20644
-0.31059,0.206485
-0.310212,0.206531
-0.309831,0.206576
-0.30945,0.206621
-0.309066,0.206667
-0.308681,0.206712
-0.308294,0.206757
-0.307905,0.206803
-0.307515,0.206848
-0.307122,0.206893
-0.306729,0.206939
-0.306333,0.206984
-0.305936,0.207029
-0.305537,0.207075
-0.305136,0.20712
-0.304733,0.207166
-0.304329,0.207211
-0.303923,0.207256
-0.303516,0.207302
-0.303107,0.207347
-0.302696,0.207392
-0.302283,0.207438
-0.301869,0.207483
-0.301453,0.207528
-0.301035,0.207574
-0.300616,0.207619
-0.300194,0.207664
-0.299772,0.20771
-0.299347,0.207755
-0.298921,0.2078
-0.298493,0.207846
-0.298064,0.207891
-0.297632,0.207937
-0.297199,0.207982
-0.296765,0.208027
-0.296329,0.208073
-0.295891,0.208118
-0.295451,0.208163
-0.29501,0.208209
-0.294567,0.208254
-0.294122,0.208299
-0.293676,0.208345
-0.293228,0.20839
-0.292778,0.208435
-0.292327,0.208481
-0.291874,0.208526
-0.291419,0.208571
-0.290963,0.208617
-0.290505,0.208662
-0.290046,0.208707
-0.289584,0.208753
-0.289122,0.208798
-0.288657,0.208844
-0.288191,0.208889
-0.287723,0.208934
-0.287254,0.20898
-0.286782,0.209025
-0.28631,0.20907
-0.285835,0.209116
-0.285359,0.209161
-0.284882,0.209206
-0.284402,0.209252
-0.283921,0.209297
-0.283439,0.209342
-0.282954,0.209388
-0.282469,0.209433
-0.281981,0.209478
-0.281492,0.209524
-0.281001,0.209569
-0.280509,0.209615
-0.280015,0.20966
-0.27952,0.209705
-0.279022,0.209751
-0.278524,0.209796
-0.278023,0.209841
-0.277521,0.209887
-0.277018,0.209932
-0.276512,0.209977
-0.276005,0.210023
-0.275497,0.210068
-0.274987,0.210113
-0.274475,0.210159
-0.273962,0.210204
-0.273447,0.210249
-0.272931,0.210295
-0.272413,0.21034
-0.271893,0.210385
-0.271372,0.210431
-0.270849,0.210476
-0.270325,0.210522
-0.269799,0.210567
-0.269271,0.210612
-0.268742,0.210658
-0.268212,0.210703
-0.267679,0.210748
-0.267145,0.210794
-0.26661,0.210839
-0.266073,0.210884
-0.265535,0.21093
-0.264994,0.210975
-0.264453,0.21102
-0.263909,0.211066
-0.263365,0.211111
-0.262818,0.211156
-0.26227,0.211202
-0.261721,0.211247
-0.26117,0.211293
-0.260617,0.211338
-0.260063,0.211383
-0.259508,0.211429
-0.25895,0.211474
-0.258392,0.211519
-0.257831,0.211565
-0.25727,0.21161
-0.256706,0.211655
-0.256141,0.211701
-0.255575,0.211746
-0.255007,0.211791
-0.254437,0.211837
-0.253866,0.211882
-0.253294,0.211927
-0.25272,0.211973
-0.252144,0.212018
-0.251567,0.212063
-0.250989,0.212109
-0.250408,0.212154
-0.249827,0.2122
-0.249244,0.212245
-0.248659,0.21229
-0.248073,0.212336
-0.247485,0.212381
-0.246896,0.212426
-0.246305,0.212472
-0.245713,0.212517
-0.24512,0.212562
-0.244524,0.212608
-0.243928,0.212653
-0.24333,0.212698
-0.24273,0.212744
-0.242129,0.212789
-0.241526,0.212834
-0.240922,0.21288
-0.240317,0.212925
-0.23971,0.212971
-0.239101,0.213016
-0.238491,0.213061
-0.23788,0.213107
-0.237267,0.213152
-0.236653,0.213197
-0.236037,0.213243
-0.235419,0.213288
-0.234801,0.213333
-0.234181,0.213379
-0.233559,0.213424
-0.232936,0.213469
-0.232311,0.213515
-0.231685,0.21356
-0.231058,0.213605
-0.230429,0.213651
-0.229799,0.213696
-0.229167,0.213741
-0.228534,0.213787
-0.227899,0.213832
-0.227263,0.213878
-0.226625,0.213923
-0.225986,0.213968
-0.225346,0.214014
-0.224704,0.214059
-0.224061,0.214104
-0.223416,0.21415
-0.22277,0.214195
-0.222123,0.21424
-0.221474,0.214286
-0.220824,0.214331
-0.220172,0.214376
-0.219519,0.214422
-0.218865,0.214467
-0.218209,0.214512
-0.217551,0.214558
-0.216893,0.214603
-0.216233,0.214649
-0.215571,0.214694
-0.214908,0.214739
-0.214244,0.214785
-0.213578,0.21483
-0.212911,0.214875
-0.212243,0.214921
-0.211573,0.214966
-0.210902,0.215011
-0.21023,0.215057
-0.209556,0.215102
-0.20888,0.215147
-0.208204,0.215193
-0.207526,0.215238
-0.206846,0.215283
-0.206166,0.215329
-0.205484,0.215374
-0.2048,0.21542
-0.204115,0.215465
-0.203429,0.21551
-0.202742,0.215556
-0.202053,0.215601
-0.201363,0.215646
-0.200671,0.215692
-0.199979,0.215737
-0.199284,0.215782
-0.198589,0.215828
-0.197892,0.215873
-0.197194,0.215918
-0.196494,0.215964
-0.195794,0.216009
-0.195092,0.216054
-0.194388,0.2161
-0.193683,0.216145
-0.192977,0.21619
-0.19227,0.216236
-0.191561,0.216281
-0.190851,0.216327
-0.19014,0.216372
-0.189427,0.216417
-0.188713,0.216463
-0.187998,0.216508
-0.187282,0.216553
-0.186564,0.216599
-0.185845,0.216644
-0.185124,0.216689
-0.184403,0.216735
-0.18368,0.21678
-0.182956,0.216825
-0.18223,0.216871
-0.181503,0.216916
-0.180775,0.216961
-0.180046,0.217007
-0.179315,0.217052
-0.178584,0.217098
-0.17785,0.217143
-0.177116,0.217188
-0.17638,0.217234
-0.175644,0.217279
-0.174905,0.217324
-0.174166,0.21737
-0.173425,0.217415
-0.172684,0.21746
-0.171941,0.217506
-0.171196,0.217551
-0.170451,0.217596
-0.169704,0.217642
-0.168956,0.217687
-0.168206,0.217732
-0.167456,0.217778
-0.166704,0.217823
-0.165951,0.217868
-0.165197,0.217914
-0.164442,0.217959
-0.163685,0.218005
-0.162927,0.21805
-0.162168,0.218095
-0.161408,0.218141
-0.160646,0.218186
-0.159884,0.218231
-0.15912,0.218277
-0.158355,0.218322
-0.157589,0.218367
-0.156821,0.218413
-0.156053,0.218458
-0.155283,0.218503
-0.154512,0.218549
-0.15374,0.218594
-0.152966,0.218639
-0.152192,0.218685
-0.151416,0.21873
-0.150639,0.218776
-0.149861,0.218821
-0.149082,0.218866
-0.148302,0.218912
-0.14752,0.218957
-0.146737,0.219002
-0.145954,0.219048
-0.145169,0.219093
-0.144382,0.219138
-0.143595,0.219184
-0.142807,0.219229
-0.142017,0.219274
-0.141226,0.21932
-0.140435,0.219365
-0.139642,0.21941
-0.138847,0.219456
-0.138052,0.219501
-0.137256,0.219546
-0.136458,0.219592
-0.13566,0.219637
-0.13486,0.219683
-0.134059,0.219728
-0.133257,0.219773
-0.132454,0.219819
-0.13165,0.219864
-0.130844,0.219909
-0.130038,0.219955
-0.12923,0.22
